Protocollo;Gruppo;DataOraIncidente;Localizzazione1;STRADA1;Localizzazione2;STRADA2;Strada02;Chilometrica;DaSpecificare;NaturaIncidente;particolaritastrade;TipoStrada;FondoStradale;Pavimentazione;Segnaletica;CondizioneAtmosferica;Traffico;Visibilita;Illuminazione;NUM_FERITI;NUM_RISERVATA;NUM_MORTI;NUM_ILLESI;Longitudine;Latitudine;Confermato;Progressivo;TipoVeicolo;StatoVeicolo;TipoPersona;Sesso;Tipolesione;Deceduto;DecedutoDopo;CinturaCascoUtilizzato;Airbag
3806630;18;03/05/2018 12:30;Strada Urbana;VIA CARDINAL DOMENICO FERRATA;all'intersezione con;VIA AURELIA ANTICA;VIA AURELIA ANTICA;;;Veicolo in marcia contro ostacolo accidentale;Intersezione stradale segnalata;Una carreggiata a senso unico di marcia;Bagnato (pioggia);Asfaltata;Verticale ed orizzontale;Sereno;Normale;Buona;Ore Diurne;0;0;0;1;12.44023;41.89031;-1;1;Motociclo a solo;In marcia / fermata / arresto;Conducente;M;Illeso;0;;;
3806631;17;03/05/2018 11:35;Strada Urbana;VIALE DELLE MILIZIE;all'intersezione semaforizzata con;PIAZZA DELLE CINQUE GIORNATE;PIAZZA DELLE CINQUE GIORNATE;;;Scontro frontale/laterale DX fra veicoli in marcia;Incrocio;Una carreggiata a doppio senso;Asciutto;Asfaltata;Verticale ed orizzontale;Nuvoloso;Normale;Buona;Ore Diurne;1;0;0;2;12.46204;41.91204;-1;1;Autovettura privata;In marcia / fermata / arresto;Conducente;M;Illeso;0;;;
3806631;17;03/05/2018 11:35;Strada Urbana;VIALE DELLE MILIZIE;all'intersezione semaforizzata con;PIAZZA DELLE CINQUE GIORNATE;PIAZZA DELLE CINQUE GIORNATE;;;Scontro frontale/laterale DX fra veicoli in marcia;Incrocio;Una carreggiata a doppio senso;Asciutto;Asfaltata;Verticale ed orizzontale;Nuvoloso;Normale;Buona;Ore Diurne;1;0;0;2;12.46204;41.91204;-1;1;Autovettura privata;In marcia / fermata / arresto;Passeggero;M;Illeso;0;;;
3806631;17;03/05/2018 11:35;Strada Urbana;VIALE DELLE MILIZIE;all'intersezione semaforizzata con;PIAZZA DELLE CINQUE GIORNATE;PIAZZA DELLE CINQUE GIORNATE;;;Scontro frontale/laterale DX fra veicoli in marcia;Incrocio;Una carreggiata a doppio senso;Asciutto;Asfaltata;Verticale ed orizzontale;Nuvoloso;Normale;Buona;Ore Diurne;1;0;0;2;12.46204;41.91204;-1;2;Autovettura privata;In marcia / fermata / arresto;Conducente;M;Rifiuta cure immediate;0;NON DECEDUTO;;
3806636;11;03/05/2018 18:10;Strada Urbana;VIA GIULIO ARISTIDE SARTORIO;in corrispondenza;;del civico n.;87;;Veicolo in marcia contro veicoli in sosta;Rettilineo;Due carreggiate;Bagnato (umidità in atto);Asfaltata;Verticale ed orizzontale;Nuvoloso;Scarso;Buona;Ore Diurne;0;0;0;1;12.50788;41.85396;-1;1;Autovettura privata;In marcia / fermata / arresto;Conducente;F;Illeso;0;;Non accertato;
3806650;18;03/05/2018 11:30;Strada Urbana;VIA GREGORIO VII;in prossimità;;del civico n.;122;;Veicolo in marcia contro ostacolo accidentale;Rettilineo;Più di due carreggiate;Bagnato (pioggia);Con buche;Verticale;Pioggia in atto;Intenso;Buona;Ore Diurne;0;0;0;1;12.44663;41.89558;-1;1;Autovettura pubblica;In marcia / fermata / arresto;Conducente;M;Illeso;0;;;
3806654;2;02/05/2018 23:45;Strada Urbana;CIRCONVALLAZIONE SALARIA;da specificare;;;;100 mt prima uscita Via delle Valli direz. S.Giova;Veicolo in marcia contro ostacolo accidentale;Rettilineo;Due carreggiate;Asciutto;Asfaltata;Assente;Sereno;Intenso;Sufficiente;Sufficiente;0;0;0;1;12.52092;41.93437;-1;1;Autovettura privata;In marcia / fermata / arresto;Conducente;M;Illeso;0;;Non accertato;Inesploso
3806656;16;02/05/2018 14:20;Strada Urbana;VIALE ISACCO NEWTON;in corrispondenza;;del civico n.;86;;Scontro laterale fra veicoli in marcia;Rettilineo;Due carreggiate;Asciutto;Asfaltata;Verticale ed orizzontale;Nuvoloso;Normale;Buona;Ore Diurne;0;0;0;3;12.44086;41.85795;-1;1;Autovettura privata;In marcia / fermata / arresto;Conducente;M;Illeso;0;;Non accertato;Inesploso
3806656;16;02/05/2018 14:20;Strada Urbana;VIALE ISACCO NEWTON;in corrispondenza;;del civico n.;86;;Scontro laterale fra veicoli in marcia;Rettilineo;Due carreggiate;Asciutto;Asfaltata;Verticale ed orizzontale;Nuvoloso;Normale;Buona;Ore Diurne;0;0;0;3;12.44086;41.85795;-1;1;Autovettura privata;In marcia / fermata / arresto;Passeggero;M;Illeso;0;;Non accertato;Inesploso
3806656;16;02/05/2018 14:20;Strada Urbana;VIALE ISACCO NEWTON;in corrispondenza;;del civico n.;86;;Scontro laterale fra veicoli in marcia;Rettilineo;Due carreggiate;Asciutto;Asfaltata;Verticale ed orizzontale;Nuvoloso;Normale;Buona;Ore Diurne;0;0;0;3;12.44086;41.85795;-1;2;Autovettura privata;In marcia / fermata / arresto;Conducente;M;Illeso;0;;Non accertato;Inesploso
3806657;11;03/05/2018 21:30;Strada Urbana;VIA DI TOR CARBONE;da specificare;;;;altezza istituto alberghiero;Veicolo in marcia contro ostacolo fisso;Rettilineo;Una carreggiata a doppio senso;Bagnato (umidità in atto);Asfaltata;Verticale ed orizzontale;Nuvoloso;Scarso;Sufficiente;Sufficiente;0;0;0;1;12.53255;41.83063;-1;1;Autovettura privata;In marcia / fermata / arresto;Conducente;F;Illeso;0;;Non accertato;
3806662;4;03/05/2018 12:30;Strada Urbana;VIA ALTAGNANA;in prossimità;;del palo luce n.;10;;Veicolo in marcia contro ostacolo fisso;Curva senza visuale libera;Una carreggiata a doppio senso;Bagnato (umidità in atto);Asfaltata;Verticale ed orizzontale;Nuvoloso;Normale;Buona;Ore Diurne;0;0;0;1;12.51589;41.97702;-1;1;Autovettura privata;In marcia / fermata / arresto;Conducente;M;Illeso;0;;;
3806671;11;04/05/2018 07:20;Strada Urbana;VIALE DI S. PAOLO;all'intersezione semaforizzata con;VIA TULLIO LEVI CIVITA;VIA TULLIO LEVI CIVITA;;;Scontro frontale/laterale DX fra veicoli in marcia;Intersezione semaforizzata;Due carreggiate;Asciutto;Asfaltata;Verticale ed orizzontale;Nuvoloso;Normale;Buona;Ore Diurne;0;0;0;2;12.47379;41.85718;-1;1;Autocarro inferiore 35 q.;In marcia / fermata / arresto;Conducente;M;Illeso;0;;Non accertato;Inesploso
3806671;11;04/05/2018 07:20;Strada Urbana;VIALE DI S. PAOLO;all'intersezione semaforizzata con;VIA TULLIO LEVI CIVITA;VIA TULLIO LEVI CIVITA;;;Scontro frontale/laterale DX fra veicoli in marcia;Intersezione semaforizzata;Due carreggiate;Asciutto;Asfaltata;Verticale ed orizzontale;Nuvoloso;Normale;Buona;Ore Diurne;0;0;0;2;12.47379;41.85718;-1;2;Autovettura privata;In marcia / fermata / arresto;Conducente;M;Illeso;0;;Non accertato;Esploso
3806672;18;03/05/2018 11:10;Strada Urbana;VIA GREGORIO VII;in prossimità;;del civico n.;504;;Scontro laterale fra veicoli in marcia;Pendenza;Più di due carreggiate;Asciutto;Asfaltata;Verticale ed orizzontale;Sereno;Normale;Buona;Ore Diurne;1;0;0;2;12.43102;41.89467;-1;1;Autobus di linea;In marcia / fermata / arresto;Conducente;M;Illeso;0;;Non accertato;Inesistente
3806672;18;03/05/2018 11:10;Strada Urbana;VIA GREGORIO VII;in prossimità;;del civico n.;504;;Scontro laterale fra veicoli in marcia;Pendenza;Più di due carreggiate;Asciutto;Asfaltata;Verticale ed orizzontale;Sereno;Normale;Buona;Ore Diurne;1;0;0;2;12.43102;41.89467;-1;1;Autobus di linea;In marcia / fermata / arresto;Passeggero;F;Rimandato;0;NON DECEDUTO;Esente;Inesistente
3806672;18;03/05/2018 11:10;Strada Urbana;VIA GREGORIO VII;in prossimità;;del civico n.;504;;Scontro laterale fra veicoli in marcia;Pendenza;Più di due carreggiate;Asciutto;Asfaltata;Verticale ed orizzontale;Sereno;Normale;Buona;Ore Diurne;1;0;0;2;12.43102;41.89467;-1;2;Autovettura privata;In marcia / fermata / arresto;Conducente;F;Illeso;0;;Non accertato;Inesploso
3806676;4;03/05/2018 10:00;Strada Urbana;VIA DELLA BUFALOTTA;da specificare;;;;altezza Via Baccini;Scontro frontale/laterale SX fra veicoli in marcia;Rettilineo;Una carreggiata a doppio senso;Asciutto;Asfaltata;Verticale ed orizzontale;Nuvoloso;Intenso;Buona;Ore Diurne;1;0;0;2;12.54613;41.96794;-1;1;Motociclo a solo;In marcia / fermata / arresto;Conducente;M;Rimandato;0;NON DECEDUTO;;
3806676;4;03/05/2018 10:00;Strada Urbana;VIA DELLA BUFALOTTA;da specificare;;;;altezza Via Baccini;Scontro frontale/laterale SX fra veicoli in marcia;Rettilineo;Una carreggiata a doppio senso;Asciutto;Asfaltata;Verticale ed orizzontale;Nuvoloso;Intenso;Buona;Ore Diurne;1;0;0;2;12.54613;41.96794;-1;2;Autovettura privata;In marcia / fermata / arresto;Conducente;F;Illeso;0;;;
3806676;4;03/05/2018 10:00;Strada Urbana;VIA DELLA BUFALOTTA;da specificare;;;;altezza Via Baccini;Scontro frontale/laterale SX fra veicoli in marcia;Rettilineo;Una carreggiata a doppio senso;Asciutto;Asfaltata;Verticale ed orizzontale;Nuvoloso;Intenso;Buona;Ore Diurne;1;0;0;2;12.54613;41.96794;-1;2;Autovettura privata;In marcia / fermata / arresto;Passeggero;F;Illeso;0;;;
3806677;12;02/05/2018 07:10;Strada Urbana;VIA LAURENTINA;all'intersezione semaforizzata con;VIA CELINE;VIA CELINE;;;Scontro frontale/laterale DX fra veicoli in marcia;Intersezione semaforizzata;Due carreggiate;Asciutto;Asfaltata;Verticale ed orizzontale;Sereno;Normale;Buona;Ore Diurne;2;0;0;1;12.48527;41.81015;-1;1;Autovettura privata;In marcia / fermata / arresto;Conducente;M;Illeso;0;;Utilizzato;Inesploso
3806677;12;02/05/2018 07:10;Strada Urbana;VIA LAURENTINA;all'intersezione semaforizzata con;VIA CELINE;VIA CELINE;;;Scontro frontale/laterale DX fra veicoli in marcia;Intersezione semaforizzata;Due carreggiate;Asciutto;Asfaltata;Verticale ed orizzontale;Sereno;Normale;Buona;Ore Diurne;2;0;0;1;12.48527;41.81015;-1;1;Autovettura privata;In marcia / fermata / arresto;Passeggero;F;Rimandato;0;NON DECEDUTO;Utilizzato;Esploso
3806677;12;02/05/2018 07:10;Strada Urbana;VIA LAURENTINA;all'intersezione semaforizzata con;VIA CELINE;VIA CELINE;;;Scontro frontale/laterale DX fra veicoli in marcia;Intersezione semaforizzata;Due carreggiate;Asciutto;Asfaltata;Verticale ed orizzontale;Sereno;Normale;Buona;Ore Diurne;2;0;0;1;12.48527;41.81015;-1;2;Autovettura privata;In marcia / fermata / arresto;Conducente;M;Rimandato;0;NON DECEDUTO;Utilizzato;Esploso
3806693;18;03/05/2018 19:35;Strada Urbana;CIRCONVALLAZIONE AURELIA;in prossimità;;del civico n.;12;;Tamponamento;Curva senza visuale libera;Due carreggiate;Bagnato (pioggia);Asfaltata;Verticale ed orizzontale;Pioggia in atto;Normale;Buona;Sufficiente;1;0;0;1;12.42753;41.89801;-1;1;Autovettura privata;In marcia / fermata / arresto;Conducente;F;Rifiuta cure immediate;0;NON DECEDUTO;;
3806693;18;03/05/2018 19:35;Strada Urbana;CIRCONVALLAZIONE AURELIA;in prossimità;;del civico n.;12;;Tamponamento;Curva senza visuale libera;Due carreggiate;Bagnato (pioggia);Asfaltata;Verticale ed orizzontale;Pioggia in atto;Normale;Buona;Sufficiente;1;0;0;1;12.42753;41.89801;-1;2;Autovettura privata;In marcia / fermata / arresto;Conducente;F;Illeso;0;;;
3806703;16;03/05/2018 14:40;;VIA GIORGIO ZOEGA;in prossimità;;del civico n.;3;;Scontro laterale fra veicoli in marcia;;;;;;;;;;0;0;0;2;12.43182;41.8767;0;1;Autovettura privata;In marcia / fermata / arresto;Conducente;;Illeso;0;;;
3806703;16;03/05/2018 14:40;;VIA GIORGIO ZOEGA;in prossimità;;del civico n.;3;;Scontro laterale fra veicoli in marcia;;;;;;;;;;0;0;0;2;12.43182;41.8767;0;2;Autovettura privata;In marcia / fermata / arresto;Conducente;M;Illeso;0;;;
3806706;2;03/05/2018 11:45;Strada Urbana;VIA PIETRO ANTONIO MICHELI;in corrispondenza;;del civico n.;38;;Veicolo in marcia contro veicoli in sosta;Rettilineo;Una carreggiata a senso unico di marcia;Asciutto;Asfaltata;Verticale ed orizzontale;Nuvoloso;Scarso;Buona;Ore Diurne;0;0;0;1;12.48275;41.92294;-1;1;Autovettura privata;In marcia / fermata / arresto;Conducente;M;Illeso;0;;Non accertato;Inesploso
3806709;2;03/05/2018 17:50;Strada Urbana;VIA PINCIANA;in prossimità;;del civico n.;8;;Tamponamento Multiplo;Rettilineo;Una carreggiata a doppio senso;Bagnato (umidità in atto);Asfaltata;Orizzontale;Nuvoloso;Intenso;Buona;Ore Diurne;0;0;0;3;12.49397;41.91502;-1;1;Autovettura privata;In marcia / fermata / arresto;Conducente;M;Illeso;0;;Non accertato;Inesploso
3806709;2;03/05/2018 17:50;Strada Urbana;VIA PINCIANA;in prossimità;;del civico n.;8;;Tamponamento Multiplo;Rettilineo;Una carreggiata a doppio senso;Bagnato (umidità in atto);Asfaltata;Orizzontale;Nuvoloso;Intenso;Buona;Ore Diurne;0;0;0;3;12.49397;41.91502;-1;2;Autovettura privata;In marcia / fermata / arresto;Conducente;M;Illeso;0;;Non accertato;Inesploso
3806709;2;03/05/2018 17:50;Strada Urbana;VIA PINCIANA;in prossimità;;del civico n.;8;;Tamponamento Multiplo;Rettilineo;Una carreggiata a doppio senso;Bagnato (umidità in atto);Asfaltata;Orizzontale;Nuvoloso;Intenso;Buona;Ore Diurne;0;0;0;3;12.49397;41.91502;-1;3;Autovettura privata;In marcia / fermata / arresto;Conducente;M;Illeso;0;;Non accertato;Inesploso
3806717;2;03/05/2018 19:00;Strada Urbana;VIA CASSIA;all'intersezione con;VIA ANGELO MORBELLI;VIA ANGELO MORBELLI;;;Scontro laterale fra veicoli in marcia;Incrocio;Una carreggiata a doppio senso;Bagnato (pioggia);Asfaltata;Verticale ed orizzontale;Pioggia in atto;Intenso;Sufficiente;Ore Diurne;0;0;0;2;12.585;41.90491;-1;1;Motociclo a solo;In marcia / fermata / arresto;Conducente;M;Illeso;0;;Non accertato;
3806717;2;03/05/2018 19:00;Strada Urbana;VIA CASSIA;all'intersezione con;VIA ANGELO MORBELLI;VIA ANGELO MORBELLI;;;Scontro laterale fra veicoli in marcia;Incrocio;Una carreggiata a doppio senso;Bagnato (pioggia);Asfaltata;Verticale ed orizzontale;Pioggia in atto;Intenso;Sufficiente;Ore Diurne;0;0;0;2;12.585;41.90491;-1;2;Autovettura privata;In marcia / fermata / arresto;Conducente;F;Illeso;0;;Non accertato;Inesploso
3806722;2;03/05/2018 20:35;Strada Urbana;VIALE PARIOLI;in corrispondenza;;del civico n.;200;;Investimento di pedone;Rettilineo;Una carreggiata a doppio senso;Bagnato (pioggia);Asfaltata;Verticale ed orizzontale;Pioggia in atto;Normale;Sufficiente;Sufficiente;0;0;0;3;12.48586;41.92954;-1;;;;Pedone;M;Illeso;0;;;
3806722;2;03/05/2018 20:35;Strada Urbana;VIALE PARIOLI;in corrispondenza;;del civico n.;200;;Investimento di pedone;Rettilineo;Una carreggiata a doppio senso;Bagnato (pioggia);Asfaltata;Verticale ed orizzontale;Pioggia in atto;Normale;Sufficiente;Sufficiente;0;0;0;3;12.48586;41.92954;-1;1;Autovettura privata;In marcia / fermata / arresto;Conducente;M;Illeso;0;;Non accertato;Inesploso
3806722;2;03/05/2018 20:35;Strada Urbana;VIALE PARIOLI;in corrispondenza;;del civico n.;200;;Investimento di pedone;Rettilineo;Una carreggiata a doppio senso;Bagnato (pioggia);Asfaltata;Verticale ed orizzontale;Pioggia in atto;Normale;Sufficiente;Sufficiente;0;0;0;3;12.48586;41.92954;-1;1;Autovettura privata;In marcia / fermata / arresto;Passeggero;F;Illeso;0;;Non accertato;Inesploso
3806744;4;03/05/2018 18:30;Strada Urbana;VIA GIOVANNI CONTI;all'intersezione semaforizzata con;VIA ANTONIO DE CURTIS;VIA ANTONIO DE CURTIS;;;Tamponamento Multiplo;Intersezione stradale segnalata;Una carreggiata a doppio senso;Bagnato (pioggia);Asfaltata;Verticale ed orizzontale;Pioggia in atto;Normale;Sufficiente;Sufficiente;3;0;0;6;12.53208;41.95527;-1;1;Autovettura privata;In marcia / fermata / arresto;Conducente;F;Illeso;0;;;
3806744;4;03/05/2018 18:30;Strada Urbana;VIA GIOVANNI CONTI;all'intersezione semaforizzata con;VIA ANTONIO DE CURTIS;VIA ANTONIO DE CURTIS;;;Tamponamento Multiplo;Intersezione stradale segnalata;Una carreggiata a doppio senso;Bagnato (pioggia);Asfaltata;Verticale ed orizzontale;Pioggia in atto;Normale;Sufficiente;Sufficiente;3;0;0;6;12.53208;41.95527;-1;2;Autovettura privata;In marcia / fermata / arresto;Conducente;F;Rimandato;0;NON DECEDUTO;Non accertato;
3806744;4;03/05/2018 18:30;Strada Urbana;VIA GIOVANNI CONTI;all'intersezione semaforizzata con;VIA ANTONIO DE CURTIS;VIA ANTONIO DE CURTIS;;;Tamponamento Multiplo;Intersezione stradale segnalata;Una carreggiata a doppio senso;Bagnato (pioggia);Asfaltata;Verticale ed orizzontale;Pioggia in atto;Normale;Sufficiente;Sufficiente;3;0;0;6;12.53208;41.95527;-1;2;Autovettura privata;In marcia / fermata / arresto;Passeggero;F;Rimandato;0;NON DECEDUTO;;
3806744;4;03/05/2018 18:30;Strada Urbana;VIA GIOVANNI CONTI;all'intersezione semaforizzata con;VIA ANTONIO DE CURTIS;VIA ANTONIO DE CURTIS;;;Tamponamento Multiplo;Intersezione stradale segnalata;Una carreggiata a doppio senso;Bagnato (pioggia);Asfaltata;Verticale ed orizzontale;Pioggia in atto;Normale;Sufficiente;Sufficiente;3;0;0;6;12.53208;41.95527;-1;2;Autovettura privata;In marcia / fermata / arresto;Passeggero;M;Rimandato;0;NON DECEDUTO;;
3806744;4;03/05/2018 18:30;Strada Urbana;VIA GIOVANNI CONTI;all'intersezione semaforizzata con;VIA ANTONIO DE CURTIS;VIA ANTONIO DE CURTIS;;;Tamponamento Multiplo;Intersezione stradale segnalata;Una carreggiata a doppio senso;Bagnato (pioggia);Asfaltata;Verticale ed orizzontale;Pioggia in atto;Normale;Sufficiente;Sufficiente;3;0;0;6;12.53208;41.95527;-1;3;Autovettura privata;In marcia / fermata / arresto;Conducente;M;Illeso;0;;;
3806744;4;03/05/2018 18:30;Strada Urbana;VIA GIOVANNI CONTI;all'intersezione semaforizzata con;VIA ANTONIO DE CURTIS;VIA ANTONIO DE CURTIS;;;Tamponamento Multiplo;Intersezione stradale segnalata;Una carreggiata a doppio senso;Bagnato (pioggia);Asfaltata;Verticale ed orizzontale;Pioggia in atto;Normale;Sufficiente;Sufficiente;3;0;0;6;12.53208;41.95527;-1;4;Autovettura privata;In marcia / fermata / arresto;Conducente;F;Illeso;0;;;
3806744;4;03/05/2018 18:30;Strada Urbana;VIA GIOVANNI CONTI;all'intersezione semaforizzata con;VIA ANTONIO DE CURTIS;VIA ANTONIO DE CURTIS;;;Tamponamento Multiplo;Intersezione stradale segnalata;Una carreggiata a doppio senso;Bagnato (pioggia);Asfaltata;Verticale ed orizzontale;Pioggia in atto;Normale;Sufficiente;Sufficiente;3;0;0;6;12.53208;41.95527;-1;4;Autovettura privata;In marcia / fermata / arresto;Passeggero;M;Illeso;0;;;
3806744;4;03/05/2018 18:30;Strada Urbana;VIA GIOVANNI CONTI;all'intersezione semaforizzata con;VIA ANTONIO DE CURTIS;VIA ANTONIO DE CURTIS;;;Tamponamento Multiplo;Intersezione stradale segnalata;Una carreggiata a doppio senso;Bagnato (pioggia);Asfaltata;Verticale ed orizzontale;Pioggia in atto;Normale;Sufficiente;Sufficiente;3;0;0;6;12.53208;41.95527;-1;4;Autovettura privata;In marcia / fermata / arresto;Passeggero;F;Illeso;0;;;
3806744;4;03/05/2018 18:30;Strada Urbana;VIA GIOVANNI CONTI;all'intersezione semaforizzata con;VIA ANTONIO DE CURTIS;VIA ANTONIO DE CURTIS;;;Tamponamento Multiplo;Intersezione stradale segnalata;Una carreggiata a doppio senso;Bagnato (pioggia);Asfaltata;Verticale ed orizzontale;Pioggia in atto;Normale;Sufficiente;Sufficiente;3;0;0;6;12.53208;41.95527;-1;4;Autovettura privata;In marcia / fermata / arresto;Passeggero;F;Illeso;0;;;
3806753;4;03/05/2018 17:15;Strada Urbana;VIA DI SETTEBAGNI;da specificare;;;;prossimità diramazione GRA direz. Via Nomentana;Tamponamento Multiplo;Curva a visuale libera;Una carreggiata a senso unico di marcia;Bagnato (umidità in atto);Asfaltata;Verticale ed orizzontale;Pioggia in atto;Normale;Buona;Ore Diurne;1;0;0;3;12.53211;41.98379;-1;1;Autovettura privata;In marcia / fermata / arresto;Conducente;F;Illeso;0;;Non accertato;
3806753;4;03/05/2018 17:15;Strada Urbana;VIA DI SETTEBAGNI;da specificare;;;;prossimità diramazione GRA direz. Via Nomentana;Tamponamento Multiplo;Curva a visuale libera;Una carreggiata a senso unico di marcia;Bagnato (umidità in atto);Asfaltata;Verticale ed orizzontale;Pioggia in atto;Normale;Buona;Ore Diurne;1;0;0;3;12.53211;41.98379;-1;2;Autovettura privata;In marcia / fermata / arresto;Conducente;F;Rifiuta cure immediate;0;NON DECEDUTO;Non accertato;
3806753;4;03/05/2018 17:15;Strada Urbana;VIA DI SETTEBAGNI;da specificare;;;;prossimità diramazione GRA direz. Via Nomentana;Tamponamento Multiplo;Curva a visuale libera;Una carreggiata a senso unico di marcia;Bagnato (umidità in atto);Asfaltata;Verticale ed orizzontale;Pioggia in atto;Normale;Buona;Ore Diurne;1;0;0;3;12.53211;41.98379;-1;3;Autovettura privata;In marcia / fermata / arresto;Conducente;M;Illeso;0;;Non accertato;
3806753;4;03/05/2018 17:15;Strada Urbana;VIA DI SETTEBAGNI;da specificare;;;;prossimità diramazione GRA direz. Via Nomentana;Tamponamento Multiplo;Curva a visuale libera;Una carreggiata a senso unico di marcia;Bagnato (umidità in atto);Asfaltata;Verticale ed orizzontale;Pioggia in atto;Normale;Buona;Ore Diurne;1;0;0;3;12.53211;41.98379;-1;4;Autovettura privata;In marcia / fermata / arresto;Conducente;F;Illeso;0;;Non accertato;
3806775;4;03/05/2018 12:40;Strada Urbana;VIA DARIO NICCODEMI;in corrispondenza;;del civico n.;69;;Scontro frontale/laterale DX fra veicoli in marcia;Rettilineo;Una carreggiata a senso unico di marcia;Bagnato (pioggia);Asfaltata;Orizzontale;Pioggia in atto;Scarso;Buona;Ore Diurne;0;0;0;2;12.54869;41.95483;-1;1;Autovettura privata;In marcia / fermata / arresto;Conducente;F;Illeso;0;;;
3806775;4;03/05/2018 12:40;Strada Urbana;VIA DARIO NICCODEMI;in corrispondenza;;del civico n.;69;;Scontro frontale/laterale DX fra veicoli in marcia;Rettilineo;Una carreggiata a senso unico di marcia;Bagnato (pioggia);Asfaltata;Orizzontale;Pioggia in atto;Scarso;Buona;Ore Diurne;0;0;0;2;12.54869;41.95483;-1;2;Autovettura privata;In marcia / fermata / arresto;Conducente;F;Illeso;0;;;
3806803;17;03/05/2018 11:30;Strada Urbana;VIA CRESCENZIO;all'intersezione con;VIA OVIDIO;VIA OVIDIO;;;Fuoriuscita dalla sede stradale;Intersezione stradale segnalata;Una carreggiata a doppio senso;Asciutto;In cubetti di porfido;Verticale ed orizzontale;Nuvoloso;Normale;Sufficiente;Ore Diurne;0;0;0;1;12.46364;41.90574;-1;1;Motociclo a solo;In marcia / fermata / arresto;Conducente;M;Illeso;0;;;
3806816;4;03/05/2018 18:10;Strada Urbana;VIA DI SETTEBAGNI;in corrispondenza;;del civico n.;298;;Tamponamento;Rettilineo;Una carreggiata a doppio senso;Asciutto;Asfaltata;Orizzontale;Sereno;Normale;Buona;Ore Diurne;0;0;0;6;12.54771;41.96652;-1;1;Autovettura privata;In marcia / fermata / arresto;Conducente;F;Illeso;0;;Non accertato;Inesploso
3806816;4;03/05/2018 18:10;Strada Urbana;VIA DI SETTEBAGNI;in corrispondenza;;del civico n.;298;;Tamponamento;Rettilineo;Una carreggiata a doppio senso;Asciutto;Asfaltata;Orizzontale;Sereno;Normale;Buona;Ore Diurne;0;0;0;6;12.54771;41.96652;-1;1;Autovettura privata;In marcia / fermata / arresto;Passeggero;F;Illeso;0;;Non accertato;Inesploso
3806816;4;03/05/2018 18:10;Strada Urbana;VIA DI SETTEBAGNI;in corrispondenza;;del civico n.;298;;Tamponamento;Rettilineo;Una carreggiata a doppio senso;Asciutto;Asfaltata;Orizzontale;Sereno;Normale;Buona;Ore Diurne;0;0;0;6;12.54771;41.96652;-1;1;Autovettura privata;In marcia / fermata / arresto;Passeggero;F;Illeso;0;;Non accertato;Inesploso
3806816;4;03/05/2018 18:10;Strada Urbana;VIA DI SETTEBAGNI;in corrispondenza;;del civico n.;298;;Tamponamento;Rettilineo;Una carreggiata a doppio senso;Asciutto;Asfaltata;Orizzontale;Sereno;Normale;Buona;Ore Diurne;0;0;0;6;12.54771;41.96652;-1;2;Autovettura privata;In marcia / fermata / arresto;Passeggero;F;Illeso;0;;;
3806816;4;03/05/2018 18:10;Strada Urbana;VIA DI SETTEBAGNI;in corrispondenza;;del civico n.;298;;Tamponamento;Rettilineo;Una carreggiata a doppio senso;Asciutto;Asfaltata;Orizzontale;Sereno;Normale;Buona;Ore Diurne;0;0;0;6;12.54771;41.96652;-1;2;Autovettura privata;In marcia / fermata / arresto;Passeggero;M;Illeso;0;;;
3806816;4;03/05/2018 18:10;Strada Urbana;VIA DI SETTEBAGNI;in corrispondenza;;del civico n.;298;;Tamponamento;Rettilineo;Una carreggiata a doppio senso;Asciutto;Asfaltata;Orizzontale;Sereno;Normale;Buona;Ore Diurne;0;0;0;6;12.54771;41.96652;-1;2;Autovettura privata;In marcia / fermata / arresto;Conducente;M;Illeso;0;;Non accertato;Inesploso
3806824;12;02/05/2018 14:30;Strada Urbana;VIA GIOVANNI KOBLER;da specificare;;;;prossimità v. Margaret Mead;Veicolo in marcia contro ostacolo accidentale;Rettilineo;Una carreggiata a senso unico di marcia;Asciutto;Asfaltata;Verticale ed orizzontale;Nuvoloso;Normale;Sufficiente;Ore Diurne;0;0;0;1;12.50824;41.81279;-1;1;Autovettura privata;In marcia / fermata / arresto;Conducente;F;Illeso;0;;;
3806870;4;03/05/2018 21:30;;LARGO VALSUGANA;da specificare;;;;FRONTE CIV. 4;Veicolo in marcia contro veicolo in sosta;;;;;;;;;;0;0;0;1;;;0;1;Autovettura privata;In marcia / fermata / arresto;Conducente;M;Illeso;0;;;
3806876;12;02/05/2018 10:10;Strada Urbana;VIA CRISTOFORO COLOMBO;da specificare;;;;alt. p.le 25 marzo 1957 dir. Roma centro;Tamponamento;Rettilineo;Due carreggiate;Asciutto;Asfaltata;Verticale ed orizzontale;Nuvoloso;Intenso;Buona;Ore Diurne;0;0;0;2;12.45633;41.81562;-1;1;Autovettura privata;In marcia / fermata / arresto;Conducente;F;Illeso;0;;;
3806876;12;02/05/2018 10:10;Strada Urbana;VIA CRISTOFORO COLOMBO;da specificare;;;;alt. p.le 25 marzo 1957 dir. Roma centro;Tamponamento;Rettilineo;Due carreggiate;Asciutto;Asfaltata;Verticale ed orizzontale;Nuvoloso;Intenso;Buona;Ore Diurne;0;0;0;2;12.45633;41.81562;-1;2;Autocarro inferiore 35 q.;In marcia / fermata / arresto;Conducente;M;Illeso;0;;;