Protocollo;Gruppo;DataOraIncidente;Localizzazione1;STRADA1;Localizzazione2;STRADA2;Strada02;Chilometrica;DaSpecificare;NaturaIncidente;particolaritastrade;TipoStrada;FondoStradale;Pavimentazione;Segnaletica;CondizioneAtmosferica;Traffico;Visibilita;Illuminazione;NUM_FERITI;NUM_RISERVATA;NUM_MORTI;NUM_ILLESI;Longitudine;Latitudine;Confermato;Progressivo;TipoVeicolo;StatoVeicolo;TipoPersona;Sesso;Tipolesione;Deceduto;DecedutoDopo;CinturaCascoUtilizzato;Airbag
3818667;20;11/05/2018 08:50;Strada Urbana;VIA DEI DUE PONTI;in corrispondenza;;del civico n.;175;;Veicolo in marcia contro ostacolo accidentale;Rettilineo;Una carreggiata a doppio senso;Asciutto;Asfaltata;Verticale ed orizzontale;Sereno;Normale;Buona;Ore Diurne;0;0;0;1;12.45993;41.96491;-1;1;Autovettura privata;In marcia / fermata / arresto;Conducente;M;Illeso;0;;Non accertato;Inesploso
3818700;12;11/05/2018 11:45;Strada Urbana;VIALE DI VAL FIORITA;da specificare;;;;prox. p.za F. Parri;Tamponamento;Rettilineo;Una carreggiata a doppio senso;Asciutto;Asfaltata;Verticale ed orizzontale;Sereno;Normale;Buona;Ore Diurne;0;0;0;1;12.46381;41.83808;-1;1;Autovettura privata;In marcia / fermata / arresto;Conducente;F;Illeso;0;;Utilizzato;
3818702;20;11/05/2018 07:10;Strada Urbana;VIA FLAMINIA;in prossimità;;del civico n.;1113;;Scontro laterale fra veicoli in marcia;Rettilineo;Due carreggiate;Asciutto;Asfaltata;Verticale ed orizzontale;Sereno;Intenso;Buona;Ore Diurne;0;0;0;2;12.49168;41.9837;-1;1;Autocarro superiore 35 q.;In marcia / fermata / arresto;Conducente;M;Illeso;0;;Non accertato;Inesploso
3818702;20;11/05/2018 07:10;Strada Urbana;VIA FLAMINIA;in prossimità;;del civico n.;1113;;Scontro laterale fra veicoli in marcia;Rettilineo;Due carreggiate;Asciutto;Asfaltata;Verticale ed orizzontale;Sereno;Intenso;Buona;Ore Diurne;0;0;0;2;12.49168;41.9837;-1;2;Autovettura privata;In marcia / fermata / arresto;Conducente;M;Illeso;0;;Non accertato;Inesploso
3818735;3;08/05/2018 22:00;Strada Urbana;VIA LIVORNO;all'intersezione con;VIA DI S. ORSOLA;VIA DI S. ORSOLA;;;Scontro laterale fra veicoli in marcia;Incrocio;Una carreggiata a doppio senso;Bagnato (pioggia);Asfaltata;Verticale ed orizzontale;Pioggia in atto;Normale;Sufficiente;Sufficiente;1;0;0;0;12.52372;41.91531;0;2;Motociclo a solo;In marcia / fermata / arresto;Conducente;M;Ricoverato;0;NON DECEDUTO;Non accertato;
3818768;20;10/05/2018 20:20;Strada Urbana;VIA DI BACCANELLO;all'intersezione con;VIA DELLA STAZIONE DI CESANO;VIA DELLA STAZIONE DI CESANO;;;Scontro frontale/laterale DX fra veicoli in marcia;Incrocio;Una carreggiata a doppio senso;Asciutto;Asfaltata;Verticale ed orizzontale;Sereno;Normale;Buona;Ore Diurne;0;0;0;3;12.35413;42.06281;-1;1;Autovettura privata;In marcia / fermata / arresto;Conducente;F;Illeso;0;;Non accertato;
3818768;20;10/05/2018 20:20;Strada Urbana;VIA DI BACCANELLO;all'intersezione con;VIA DELLA STAZIONE DI CESANO;VIA DELLA STAZIONE DI CESANO;;;Scontro frontale/laterale DX fra veicoli in marcia;Incrocio;Una carreggiata a doppio senso;Asciutto;Asfaltata;Verticale ed orizzontale;Sereno;Normale;Buona;Ore Diurne;0;0;0;3;12.35413;42.06281;-1;1;Autovettura privata;In marcia / fermata / arresto;Passeggero;M;Illeso;0;;Non accertato;
3818768;20;10/05/2018 20:20;Strada Urbana;VIA DI BACCANELLO;all'intersezione con;VIA DELLA STAZIONE DI CESANO;VIA DELLA STAZIONE DI CESANO;;;Scontro frontale/laterale DX fra veicoli in marcia;Incrocio;Una carreggiata a doppio senso;Asciutto;Asfaltata;Verticale ed orizzontale;Sereno;Normale;Buona;Ore Diurne;0;0;0;3;12.35413;42.06281;-1;2;Autovettura privata;In marcia / fermata / arresto;Conducente;F;Illeso;0;;Non accertato;
3818797;13;07/05/2018 16:00;Strada Urbana;VIA ANGELO COLOMBAROLI;all'intersezione con;VIA FEDERICO BAZZINI;VIA FEDERICO BAZZINI;;;Scontro frontale/laterale DX fra veicoli in marcia;Incrocio;Una carreggiata a doppio senso;Asciutto;Asfaltata;Assente;Sereno;Normale;Buona;Ore Diurne;0;0;0;3;12.31707;41.75296;-1;1;Autovettura privata;In marcia / fermata / arresto;Conducente;M;Illeso;0;;Non accertato;Inesploso
3818797;13;07/05/2018 16:00;Strada Urbana;VIA ANGELO COLOMBAROLI;all'intersezione con;VIA FEDERICO BAZZINI;VIA FEDERICO BAZZINI;;;Scontro frontale/laterale DX fra veicoli in marcia;Incrocio;Una carreggiata a doppio senso;Asciutto;Asfaltata;Assente;Sereno;Normale;Buona;Ore Diurne;0;0;0;3;12.31707;41.75296;-1;1;Autovettura privata;In marcia / fermata / arresto;Passeggero;F;Illeso;0;;Non accertato;Inesploso
3818797;13;07/05/2018 16:00;Strada Urbana;VIA ANGELO COLOMBAROLI;all'intersezione con;VIA FEDERICO BAZZINI;VIA FEDERICO BAZZINI;;;Scontro frontale/laterale DX fra veicoli in marcia;Incrocio;Una carreggiata a doppio senso;Asciutto;Asfaltata;Assente;Sereno;Normale;Buona;Ore Diurne;0;0;0;3;12.31707;41.75296;-1;2;Autovettura privata;In marcia / fermata / arresto;Conducente;F;Illeso;0;;;
3818815;1;11/05/2018 08:45;Strada Urbana;VIA DELLA FERRATELLA IN LATERANO;in prossimità;;del palo luce n.;11;;Scontro laterale fra veicoli in marcia;Rettilineo;Una carreggiata a senso unico di marcia;Asciutto;Asfaltata;Verticale ed orizzontale;Sereno;Normale;Buona;Ore Diurne;1;0;0;2;12.50094;41.88328;0;1;Autovettura privata;In marcia / fermata / arresto;Conducente;F;Illeso;0;;Non accertato;
3818815;1;11/05/2018 08:45;Strada Urbana;VIA DELLA FERRATELLA IN LATERANO;in prossimità;;del palo luce n.;11;;Scontro laterale fra veicoli in marcia;Rettilineo;Una carreggiata a senso unico di marcia;Asciutto;Asfaltata;Verticale ed orizzontale;Sereno;Normale;Buona;Ore Diurne;1;0;0;2;12.50094;41.88328;0;2;Motociclo a solo;In marcia / fermata / arresto;Conducente;F;Rimandato;0;NON DECEDUTO;;
3818815;1;11/05/2018 08:45;Strada Urbana;VIA DELLA FERRATELLA IN LATERANO;in prossimità;;del palo luce n.;11;;Scontro laterale fra veicoli in marcia;Rettilineo;Una carreggiata a senso unico di marcia;Asciutto;Asfaltata;Verticale ed orizzontale;Sereno;Normale;Buona;Ore Diurne;1;0;0;2;12.50094;41.88328;0;3;Autovettura privata;In marcia / fermata / arresto;Conducente;F;Illeso;0;;Non accertato;
3818823;18;11/05/2018 15:00;Statale;VIA AURELIA;in prossimità;;della chilometrica;9.9;;Infortunio per caduta del veicolo;Pendenza;Due carreggiate;Asciutto;Asfaltata;Verticale ed orizzontale;Sereno;Normale;Buona;Ore Diurne;1;0;0;0;12.38494;41.88611;-1;1;Motociclo a solo;In marcia / fermata / arresto;Conducente;M;Rifiuta cure immediate;0;NON DECEDUTO;Non accertato;
3818876;9;11/05/2018 13:40;Strada Urbana;PIAZZA ZAMA;da specificare;;;;altezza VIA CONCORDIA;Scontro frontale/laterale DX fra veicoli in marcia;Rettilineo;Una carreggiata a senso unico di marcia;Asciutto;Asfaltata;Verticale ed orizzontale;Sereno;Normale;Buona;Ore Diurne;0;0;0;2;12.50966;41.87597;-1;1;Autovettura privata;In marcia / fermata / arresto;Conducente;M;Illeso;0;;Non accertato;Inesploso
3818876;9;11/05/2018 13:40;Strada Urbana;PIAZZA ZAMA;da specificare;;;;altezza VIA CONCORDIA;Scontro frontale/laterale DX fra veicoli in marcia;Rettilineo;Una carreggiata a senso unico di marcia;Asciutto;Asfaltata;Verticale ed orizzontale;Sereno;Normale;Buona;Ore Diurne;0;0;0;2;12.50966;41.87597;-1;2;Autovettura privata;In marcia / fermata / arresto;Conducente;M;Illeso;0;;Non accertato;Inesploso
3818906;10;11/05/2018 09:05;Strada Urbana;VIA TUSCOLANA;all'intersezione con;VIA TELEGONO;VIA TELEGONO;;;Scontro laterale fra veicoli in marcia;Incrocio;Una carreggiata a senso unico di marcia;Asciutto;Asfaltata;Verticale ed orizzontale;Sereno;Intenso;Buona;Ore Diurne;0;0;0;2;12.55124;41.86288;-1;1;Autovettura privata;In marcia / fermata / arresto;Conducente;F;Illeso;0;;Non accertato;Inesploso
3818906;10;11/05/2018 09:05;Strada Urbana;VIA TUSCOLANA;all'intersezione con;VIA TELEGONO;VIA TELEGONO;;;Scontro laterale fra veicoli in marcia;Incrocio;Una carreggiata a senso unico di marcia;Asciutto;Asfaltata;Verticale ed orizzontale;Sereno;Intenso;Buona;Ore Diurne;0;0;0;2;12.55124;41.86288;-1;2;Autocarro inferiore 35 q.;In marcia / fermata / arresto;Conducente;M;Illeso;0;;Non accertato;Inesploso
3818985;1;11/05/2018 08:25;Strada Urbana;CORSO VITTORIO EMANUELE II;in corrispondenza;;del civico n.;172;;Veicolo in marcia contro ostacolo accidentale;Rettilineo;Una carreggiata a doppio senso;Asciutto;Asfaltata;Verticale ed orizzontale;Sereno;Normale;Buona;Ore Diurne;1;0;0;1;12.47246;41.89685;-1;1;Motociclo a solo;In marcia / fermata / arresto;Conducente;M;Rifiuta cure immediate;0;NON DECEDUTO;Non accertato;
3818985;1;11/05/2018 08:25;Strada Urbana;CORSO VITTORIO EMANUELE II;in corrispondenza;;del civico n.;172;;Veicolo in marcia contro ostacolo accidentale;Rettilineo;Una carreggiata a doppio senso;Asciutto;Asfaltata;Verticale ed orizzontale;Sereno;Normale;Buona;Ore Diurne;1;0;0;1;12.47246;41.89685;-1;2;Autobus turistico;In marcia / fermata / arresto;Conducente;M;Illeso;0;;Non accertato;
3819013;1;11/05/2018 08:30;Strada Urbana;CORSO VITTORIO EMANUELE II;in corrispondenza;;del civico n.;167;;Veicolo in marcia contro ostacolo accidentale;Rettilineo;Una carreggiata a doppio senso;Asciutto;Asfaltata;Verticale ed orizzontale;Sereno;Normale;Buona;Ore Diurne;1;0;0;1;;;0;1;Motociclo a solo;In marcia / fermata / arresto;Conducente;M;Rimandato;0;NON DECEDUTO;Non accertato;
3819013;1;11/05/2018 08:30;Strada Urbana;CORSO VITTORIO EMANUELE II;in corrispondenza;;del civico n.;167;;Veicolo in marcia contro ostacolo accidentale;Rettilineo;Una carreggiata a doppio senso;Asciutto;Asfaltata;Verticale ed orizzontale;Sereno;Normale;Buona;Ore Diurne;1;0;0;1;;;0;2;Autobus turistico;In marcia / fermata / arresto;Conducente;M;Illeso;0;;Non accertato;
3819037;1;10/05/2018 19:00;Strada Urbana;VIA AMBROGIO CONTARINI;all'intersezione con;LARGO GIOVANNI CHIARINI;LARGO GIOVANNI CHIARINI;;;Scontro laterale fra veicoli in marcia;Incrocio;Una carreggiata a doppio senso;Bagnato (umidità in atto);Asfaltata;Verticale ed orizzontale;Nuvoloso;Normale;Buona;Ore Diurne;1;0;0;1;12.49004;41.87563;-1;1;Motociclo a solo;In marcia / fermata / arresto;Conducente;M;Rimandato;0;NON DECEDUTO;Non accertato;
3819037;1;10/05/2018 19:00;Strada Urbana;VIA AMBROGIO CONTARINI;all'intersezione con;LARGO GIOVANNI CHIARINI;LARGO GIOVANNI CHIARINI;;;Scontro laterale fra veicoli in marcia;Incrocio;Una carreggiata a doppio senso;Bagnato (umidità in atto);Asfaltata;Verticale ed orizzontale;Nuvoloso;Normale;Buona;Ore Diurne;1;0;0;1;12.49004;41.87563;-1;2;Autovettura privata;In marcia / fermata / arresto;Conducente;M;Illeso;0;;Non accertato;Inesploso
3819059;1;10/05/2018 14:00;Strada Urbana;VIA CAVOUR;in prossimità;;del civico n.;26;;Scontro laterale fra veicoli in marcia;Rettilineo;Una carreggiata a doppio senso;Asciutto;Asfaltata;Verticale ed orizzontale;Sereno;Intenso;Buona;Ore Diurne;1;0;0;2;;;0;1;Vettura tranviaria;In marcia / fermata / arresto;Conducente;M;Illeso;0;;Esente;
3819059;1;10/05/2018 14:00;Strada Urbana;VIA CAVOUR;in prossimità;;del civico n.;26;;Scontro laterale fra veicoli in marcia;Rettilineo;Una carreggiata a doppio senso;Asciutto;Asfaltata;Verticale ed orizzontale;Sereno;Intenso;Buona;Ore Diurne;1;0;0;2;;;0;2;Motociclo a solo;In marcia / fermata / arresto;Conducente;M;Rimandato;0;NON DECEDUTO;;
3819059;1;10/05/2018 14:00;Strada Urbana;VIA CAVOUR;in prossimità;;del civico n.;26;;Scontro laterale fra veicoli in marcia;Rettilineo;Una carreggiata a doppio senso;Asciutto;Asfaltata;Verticale ed orizzontale;Sereno;Intenso;Buona;Ore Diurne;1;0;0;2;;;0;3;Autovettura privata;In marcia / fermata / arresto;Conducente;M;Illeso;0;;Non accertato;
3819071;13;11/05/2018 15:30;Strada Urbana;VIA DI SAPONARA;all'intersezione con;VIA DEL FOSSO DI DRAGONCELLO;VIA DEL FOSSO DI DRAGONCELLO;;;Scontro frontale/laterale SX fra veicoli in marcia;Incrocio;Una carreggiata a doppio senso;Asciutto;Asfaltata;Assente;Sereno;Normale;Buona;Ore Diurne;0;0;0;7;12.32519;41.76674;-1;1;Autopompa;In marcia / fermata / arresto;Conducente;M;Illeso;0;;Esente;Inesploso
3819071;13;11/05/2018 15:30;Strada Urbana;VIA DI SAPONARA;all'intersezione con;VIA DEL FOSSO DI DRAGONCELLO;VIA DEL FOSSO DI DRAGONCELLO;;;Scontro frontale/laterale SX fra veicoli in marcia;Incrocio;Una carreggiata a doppio senso;Asciutto;Asfaltata;Assente;Sereno;Normale;Buona;Ore Diurne;0;0;0;7;12.32519;41.76674;-1;1;Autopompa;In marcia / fermata / arresto;Passeggero;M;Illeso;0;;Non accertato;Inesploso
3819071;13;11/05/2018 15:30;Strada Urbana;VIA DI SAPONARA;all'intersezione con;VIA DEL FOSSO DI DRAGONCELLO;VIA DEL FOSSO DI DRAGONCELLO;;;Scontro frontale/laterale SX fra veicoli in marcia;Incrocio;Una carreggiata a doppio senso;Asciutto;Asfaltata;Assente;Sereno;Normale;Buona;Ore Diurne;0;0;0;7;12.32519;41.76674;-1;1;Autopompa;In marcia / fermata / arresto;Passeggero;M;Illeso;0;;Esente;Inesploso
3819071;13;11/05/2018 15:30;Strada Urbana;VIA DI SAPONARA;all'intersezione con;VIA DEL FOSSO DI DRAGONCELLO;VIA DEL FOSSO DI DRAGONCELLO;;;Scontro frontale/laterale SX fra veicoli in marcia;Incrocio;Una carreggiata a doppio senso;Asciutto;Asfaltata;Assente;Sereno;Normale;Buona;Ore Diurne;0;0;0;7;12.32519;41.76674;-1;1;Autopompa;In marcia / fermata / arresto;Passeggero;M;Illeso;0;;Non accertato;Inesistente
3819071;13;11/05/2018 15:30;Strada Urbana;VIA DI SAPONARA;all'intersezione con;VIA DEL FOSSO DI DRAGONCELLO;VIA DEL FOSSO DI DRAGONCELLO;;;Scontro frontale/laterale SX fra veicoli in marcia;Incrocio;Una carreggiata a doppio senso;Asciutto;Asfaltata;Assente;Sereno;Normale;Buona;Ore Diurne;0;0;0;7;12.32519;41.76674;-1;1;Autopompa;In marcia / fermata / arresto;Passeggero;M;Illeso;0;;Non accertato;Inesistente
3819071;13;11/05/2018 15:30;Strada Urbana;VIA DI SAPONARA;all'intersezione con;VIA DEL FOSSO DI DRAGONCELLO;VIA DEL FOSSO DI DRAGONCELLO;;;Scontro frontale/laterale SX fra veicoli in marcia;Incrocio;Una carreggiata a doppio senso;Asciutto;Asfaltata;Assente;Sereno;Normale;Buona;Ore Diurne;0;0;0;7;12.32519;41.76674;-1;2;Autovettura privata;In marcia / fermata / arresto;Conducente;M;Illeso;0;;Non accertato;Inesploso
3819082;12;11/05/2018 15:00;Strada Urbana;VIA CRISTOFORO COLOMBO;da specificare;;;;km 13.700 dir Roma Centro;Tamponamento Multiplo;Rettilineo;Più di due carreggiate;Asciutto;Asfaltata;Verticale ed orizzontale;Sereno;Normale;Buona;Ore Diurne;3;0;0;2;12.45633;41.81562;-1;1;Autovettura privata;In marcia / fermata / arresto;Conducente;F;Illeso;0;;Utilizzato;Inesploso
3819082;12;11/05/2018 15:00;Strada Urbana;VIA CRISTOFORO COLOMBO;da specificare;;;;km 13.700 dir Roma Centro;Tamponamento Multiplo;Rettilineo;Più di due carreggiate;Asciutto;Asfaltata;Verticale ed orizzontale;Sereno;Normale;Buona;Ore Diurne;3;0;0;2;12.45633;41.81562;-1;2;Autovettura privata;In marcia / fermata / arresto;Conducente;F;Rimandato;0;NON DECEDUTO;Utilizzato;Inesploso
3819082;12;11/05/2018 15:00;Strada Urbana;VIA CRISTOFORO COLOMBO;da specificare;;;;km 13.700 dir Roma Centro;Tamponamento Multiplo;Rettilineo;Più di due carreggiate;Asciutto;Asfaltata;Verticale ed orizzontale;Sereno;Normale;Buona;Ore Diurne;3;0;0;2;12.45633;41.81562;-1;2;Autovettura privata;In marcia / fermata / arresto;Passeggero;F;Rimandato;0;NON DECEDUTO;Utilizzato;Inesploso
3819082;12;11/05/2018 15:00;Strada Urbana;VIA CRISTOFORO COLOMBO;da specificare;;;;km 13.700 dir Roma Centro;Tamponamento Multiplo;Rettilineo;Più di due carreggiate;Asciutto;Asfaltata;Verticale ed orizzontale;Sereno;Normale;Buona;Ore Diurne;3;0;0;2;12.45633;41.81562;-1;2;Autovettura privata;In marcia / fermata / arresto;Passeggero;F;Rimandato;0;NON DECEDUTO;Utilizzato;Inesploso
3819082;12;11/05/2018 15:00;Strada Urbana;VIA CRISTOFORO COLOMBO;da specificare;;;;km 13.700 dir Roma Centro;Tamponamento Multiplo;Rettilineo;Più di due carreggiate;Asciutto;Asfaltata;Verticale ed orizzontale;Sereno;Normale;Buona;Ore Diurne;3;0;0;2;12.45633;41.81562;-1;3;Autovettura privata;In marcia / fermata / arresto;Conducente;F;Illeso;0;;Utilizzato;Esploso
3819190;1;10/05/2018 17:30;Strada Urbana;VIA DI S. CROCE IN GERUSALEMME;in corrispondenza;;del civico n.;27;;Tamponamento;Rettilineo;Una carreggiata a doppio senso;Asciutto;Asfaltata;Verticale ed orizzontale;Sereno;Normale;Buona;Ore Diurne;0;0;0;2;12.51326;41.88959;-1;1;Autovettura privata;In marcia / fermata / arresto;Conducente;F;Illeso;0;;Non accertato;Inesploso
3819190;1;10/05/2018 17:30;Strada Urbana;VIA DI S. CROCE IN GERUSALEMME;in corrispondenza;;del civico n.;27;;Tamponamento;Rettilineo;Una carreggiata a doppio senso;Asciutto;Asfaltata;Verticale ed orizzontale;Sereno;Normale;Buona;Ore Diurne;0;0;0;2;12.51326;41.88959;-1;2;Autovettura privata;In marcia / fermata / arresto;Conducente;F;Illeso;0;;Non accertato;Inesploso
3819212;1;10/05/2018 17:30;Strada Urbana;PIAZZALE OSTIENSE;in prossimità;;del civico n.;5b;;Scontro laterale fra veicoli in marcia;Rettilineo;Una carreggiata a senso unico di marcia;Asciutto;Asfaltata;Verticale ed orizzontale;Sereno;Normale;Buona;Ore Diurne;0;0;0;2;12.48257;41.87583;-1;1;Autovettura privata;In marcia / fermata / arresto;Conducente;F;Illeso;0;;Non accertato;
3819212;1;10/05/2018 17:30;Strada Urbana;PIAZZALE OSTIENSE;in prossimità;;del civico n.;5b;;Scontro laterale fra veicoli in marcia;Rettilineo;Una carreggiata a senso unico di marcia;Asciutto;Asfaltata;Verticale ed orizzontale;Sereno;Normale;Buona;Ore Diurne;0;0;0;2;12.48257;41.87583;-1;2;Autovettura privata;In marcia / fermata / arresto;Conducente;M;Illeso;0;;Non accertato;
3819256;12;11/05/2018 18:45;Strada Urbana;VIALE DEGLI EROI DI CEFALONIA;da specificare;;;;prox. v. Fenulli;Scontro frontale/laterale SX fra veicoli in marcia;Rettilineo;Una carreggiata a senso unico di marcia;Asciutto;Asfaltata;Verticale ed orizzontale;Sereno;Normale;Buona;Ore Diurne;0;0;0;3;12.43628;41.78384;-1;1;Autovettura privata;In marcia / fermata / arresto;Conducente;M;Illeso;0;;Utilizzato;Inesploso
3819256;12;11/05/2018 18:45;Strada Urbana;VIALE DEGLI EROI DI CEFALONIA;da specificare;;;;prox. v. Fenulli;Scontro frontale/laterale SX fra veicoli in marcia;Rettilineo;Una carreggiata a senso unico di marcia;Asciutto;Asfaltata;Verticale ed orizzontale;Sereno;Normale;Buona;Ore Diurne;0;0;0;3;12.43628;41.78384;-1;1;Autovettura privata;In marcia / fermata / arresto;Passeggero;F;Illeso;0;;Utilizzato;Inesploso
3819256;12;11/05/2018 18:45;Strada Urbana;VIALE DEGLI EROI DI CEFALONIA;da specificare;;;;prox. v. Fenulli;Scontro frontale/laterale SX fra veicoli in marcia;Rettilineo;Una carreggiata a senso unico di marcia;Asciutto;Asfaltata;Verticale ed orizzontale;Sereno;Normale;Buona;Ore Diurne;0;0;0;3;12.43628;41.78384;-1;2;Motociclo a solo;In marcia / fermata / arresto;Conducente;M;Illeso;0;;Utilizzato;
3819571;8;11/05/2018 08:00;Strada Urbana;VIA DI ROCCA CENCIA;all'intersezione con;VIA ROCCAFORTE DEL GRECO;VIA ROCCAFORTE DEL GRECO;;;Scontro frontale/laterale DX fra veicoli in marcia;Intersezione stradale segnalata;Una carreggiata a doppio senso;Asciutto;Asfaltata;Verticale ed orizzontale;Sereno;Normale;Buona;Ore Diurne;1;0;0;5;12.69214;41.87626;-1;1;Autovettura privata;In marcia / fermata / arresto;Conducente;F;Illeso;0;;Utilizzato;Esploso
3819571;8;11/05/2018 08:00;Strada Urbana;VIA DI ROCCA CENCIA;all'intersezione con;VIA ROCCAFORTE DEL GRECO;VIA ROCCAFORTE DEL GRECO;;;Scontro frontale/laterale DX fra veicoli in marcia;Intersezione stradale segnalata;Una carreggiata a doppio senso;Asciutto;Asfaltata;Verticale ed orizzontale;Sereno;Normale;Buona;Ore Diurne;1;0;0;5;12.69214;41.87626;-1;2;Autovettura privata;In marcia / fermata / arresto;Conducente;M;Rimandato;0;NON DECEDUTO;Non accertato;Esploso
3819571;8;11/05/2018 08:00;Strada Urbana;VIA DI ROCCA CENCIA;all'intersezione con;VIA ROCCAFORTE DEL GRECO;VIA ROCCAFORTE DEL GRECO;;;Scontro frontale/laterale DX fra veicoli in marcia;Intersezione stradale segnalata;Una carreggiata a doppio senso;Asciutto;Asfaltata;Verticale ed orizzontale;Sereno;Normale;Buona;Ore Diurne;1;0;0;5;12.69214;41.87626;-1;2;Autovettura privata;In marcia / fermata / arresto;Passeggero;F;Illeso;0;;;
3819571;8;11/05/2018 08:00;Strada Urbana;VIA DI ROCCA CENCIA;all'intersezione con;VIA ROCCAFORTE DEL GRECO;VIA ROCCAFORTE DEL GRECO;;;Scontro frontale/laterale DX fra veicoli in marcia;Intersezione stradale segnalata;Una carreggiata a doppio senso;Asciutto;Asfaltata;Verticale ed orizzontale;Sereno;Normale;Buona;Ore Diurne;1;0;0;5;12.69214;41.87626;-1;2;Autovettura privata;In marcia / fermata / arresto;Passeggero;M;Illeso;0;;;
3819571;8;11/05/2018 08:00;Strada Urbana;VIA DI ROCCA CENCIA;all'intersezione con;VIA ROCCAFORTE DEL GRECO;VIA ROCCAFORTE DEL GRECO;;;Scontro frontale/laterale DX fra veicoli in marcia;Intersezione stradale segnalata;Una carreggiata a doppio senso;Asciutto;Asfaltata;Verticale ed orizzontale;Sereno;Normale;Buona;Ore Diurne;1;0;0;5;12.69214;41.87626;-1;2;Autovettura privata;In marcia / fermata / arresto;Passeggero;M;Illeso;0;;;
3819571;8;11/05/2018 08:00;Strada Urbana;VIA DI ROCCA CENCIA;all'intersezione con;VIA ROCCAFORTE DEL GRECO;VIA ROCCAFORTE DEL GRECO;;;Scontro frontale/laterale DX fra veicoli in marcia;Intersezione stradale segnalata;Una carreggiata a doppio senso;Asciutto;Asfaltata;Verticale ed orizzontale;Sereno;Normale;Buona;Ore Diurne;1;0;0;5;12.69214;41.87626;-1;2;Autovettura privata;In marcia / fermata / arresto;Passeggero;M;Illeso;0;;;
3819576;8;11/05/2018 00:10;Strada Urbana;VIA DI TOR BELLA MONACA;da specificare;;;;alt. fermata ATAC n. 76364;Tamponamento;Rettilineo;Due carreggiate;Asciutto;Asfaltata;Verticale ed orizzontale;Sereno;Scarso;Buona;Sufficiente;1;0;0;2;12.62375;41.87848;-1;1;Autobus di linea;In marcia / fermata / arresto;Conducente;M;Illeso;0;;Non accertato;Inesploso
3819576;8;11/05/2018 00:10;Strada Urbana;VIA DI TOR BELLA MONACA;da specificare;;;;alt. fermata ATAC n. 76364;Tamponamento;Rettilineo;Due carreggiate;Asciutto;Asfaltata;Verticale ed orizzontale;Sereno;Scarso;Buona;Sufficiente;1;0;0;2;12.62375;41.87848;-1;2;Autovettura privata;In marcia / fermata / arresto;Conducente;M;Rifiuta cure immediate;0;NON DECEDUTO;Non accertato;Esploso
3819576;8;11/05/2018 00:10;Strada Urbana;VIA DI TOR BELLA MONACA;da specificare;;;;alt. fermata ATAC n. 76364;Tamponamento;Rettilineo;Due carreggiate;Asciutto;Asfaltata;Verticale ed orizzontale;Sereno;Scarso;Buona;Sufficiente;1;0;0;2;12.62375;41.87848;-1;2;Autovettura privata;In marcia / fermata / arresto;Passeggero;M;Illeso;0;;Non accertato;Inesploso
3819579;8;11/05/2018 17:40;Strada Urbana;VIA CASILINA;da specificare;;;;alt. Via Giardinetti;Tamponamento Multiplo;Rettilineo;Una carreggiata a doppio senso;Asciutto;Asfaltata;Verticale ed orizzontale;Sereno;Normale;Buona;Ore Diurne;1;0;0;3;12.5996;41.86568;-1;1;Autovettura privata;In marcia / fermata / arresto;Conducente;M;Illeso;0;;Non accertato;
3819579;8;11/05/2018 17:40;Strada Urbana;VIA CASILINA;da specificare;;;;alt. Via Giardinetti;Tamponamento Multiplo;Rettilineo;Una carreggiata a doppio senso;Asciutto;Asfaltata;Verticale ed orizzontale;Sereno;Normale;Buona;Ore Diurne;1;0;0;3;12.5996;41.86568;-1;2;Autovettura privata;In marcia / fermata / arresto;Conducente;M;Illeso;0;;Non accertato;
3819579;8;11/05/2018 17:40;Strada Urbana;VIA CASILINA;da specificare;;;;alt. Via Giardinetti;Tamponamento Multiplo;Rettilineo;Una carreggiata a doppio senso;Asciutto;Asfaltata;Verticale ed orizzontale;Sereno;Normale;Buona;Ore Diurne;1;0;0;3;12.5996;41.86568;-1;2;Autovettura privata;In marcia / fermata / arresto;Passeggero;F;Rifiuta cure immediate;0;NON DECEDUTO;Non accertato;
3819579;8;11/05/2018 17:40;Strada Urbana;VIA CASILINA;da specificare;;;;alt. Via Giardinetti;Tamponamento Multiplo;Rettilineo;Una carreggiata a doppio senso;Asciutto;Asfaltata;Verticale ed orizzontale;Sereno;Normale;Buona;Ore Diurne;1;0;0;3;12.5996;41.86568;-1;3;Autovettura privata;In marcia / fermata / arresto;Conducente;M;Illeso;0;;Non accertato;
3819580;8;11/05/2018 06:35;Strada Urbana;VIA WALTER TOBAGI;all'intersezione semaforizzata con;VIA DELL'USIGNOLO;VIA DELL'USIGNOLO;;;Investimento di pedone;Intersezione semaforizzata;Una carreggiata a doppio senso;Asciutto;Asfaltata;Verticale ed orizzontale;Sereno;Normale;Buona;Ore Diurne;1;0;0;1;12.59714;41.87557;-1;;;;Pedone;F;Rimandato;0;NON DECEDUTO;;
3819580;8;11/05/2018 06:35;Strada Urbana;VIA WALTER TOBAGI;all'intersezione semaforizzata con;VIA DELL'USIGNOLO;VIA DELL'USIGNOLO;;;Investimento di pedone;Intersezione semaforizzata;Una carreggiata a doppio senso;Asciutto;Asfaltata;Verticale ed orizzontale;Sereno;Normale;Buona;Ore Diurne;1;0;0;1;12.59714;41.87557;-1;1;Autovettura privata;In marcia / fermata / arresto;Conducente;M;Illeso;0;;;