Protocollo;Gruppo;DataOraIncidente;Localizzazione1;STRADA1;Localizzazione2;STRADA2;Strada02;Chilometrica;DaSpecificare;NaturaIncidente;particolaritastrade;TipoStrada;FondoStradale;Pavimentazione;Segnaletica;CondizioneAtmosferica;Traffico;Visibilita;Illuminazione;NUM_FERITI;NUM_RISERVATA;NUM_MORTI;NUM_ILLESI;Longitudine;Latitudine;Confermato;Progressivo;TipoVeicolo;StatoVeicolo;TipoPersona;Sesso;Tipolesione;Deceduto;DecedutoDopo;CinturaCascoUtilizzato;Airbag
3844531;13;27/05/2018 19:45;Strada Urbana;VIALE DI CASTEL PORZIANO;all'intersezione con;VIA VINCENZO ERRANTE;VIA VINCENZO ERRANTE;;;Scontro frontale/laterale SX fra veicoli in marcia;Incrocio;Una carreggiata a doppio senso;Asciutto;Asfaltata;Assente;Sereno;Scarso;Buona;Ore Diurne;0;0;0;2;12.34914;41.73083;-1;1;Autovettura privata;In marcia / fermata / arresto;Conducente;M;Illeso;0;;Non accertato;Inesploso
3844531;13;27/05/2018 19:45;Strada Urbana;VIALE DI CASTEL PORZIANO;all'intersezione con;VIA VINCENZO ERRANTE;VIA VINCENZO ERRANTE;;;Scontro frontale/laterale SX fra veicoli in marcia;Incrocio;Una carreggiata a doppio senso;Asciutto;Asfaltata;Assente;Sereno;Scarso;Buona;Ore Diurne;0;0;0;2;12.34914;41.73083;-1;2;Autovettura privata;In marcia / fermata / arresto;Conducente;M;Illeso;0;;Non accertato;Inesploso
3844533;15;26/05/2018 17:55;Strada Urbana;VIA DI S. RAFFAELE;all'intersezione con;VIA CAMPAGNATICO;VIA CAMPAGNATICO;;;Scontro frontale/laterale SX fra veicoli in marcia;Incrocio;Una carreggiata a doppio senso;Asciutto;Asfaltata;Assente;Sereno;Scarso;Buona;Ore Diurne;0;0;0;3;12.43803;41.84365;-1;1;Autovettura privata;In marcia / fermata / arresto;Conducente;M;Illeso;0;;Non accertato;Inesploso
3844533;15;26/05/2018 17:55;Strada Urbana;VIA DI S. RAFFAELE;all'intersezione con;VIA CAMPAGNATICO;VIA CAMPAGNATICO;;;Scontro frontale/laterale SX fra veicoli in marcia;Incrocio;Una carreggiata a doppio senso;Asciutto;Asfaltata;Assente;Sereno;Scarso;Buona;Ore Diurne;0;0;0;3;12.43803;41.84365;-1;1;Autovettura privata;In marcia / fermata / arresto;Passeggero;F;Illeso;0;;Non accertato;Inesploso
3844533;15;26/05/2018 17:55;Strada Urbana;VIA DI S. RAFFAELE;all'intersezione con;VIA CAMPAGNATICO;VIA CAMPAGNATICO;;;Scontro frontale/laterale SX fra veicoli in marcia;Incrocio;Una carreggiata a doppio senso;Asciutto;Asfaltata;Assente;Sereno;Scarso;Buona;Ore Diurne;0;0;0;3;12.43803;41.84365;-1;2;Autovettura privata;In marcia / fermata / arresto;Conducente;M;Illeso;0;;Non accertato;Inesploso
3844534;5;26/05/2018 22:25;Strada Urbana;VIA MORROVALLE;all'intersezione con;VIA PIEVEBOVIGLIANA;VIA PIEVEBOVIGLIANA;;;Scontro frontale/laterale DX fra veicoli in marcia;Incrocio;Una carreggiata a senso unico di marcia;Asciutto;Asfaltata;Verticale;Sereno;Normale;Sufficiente;Sufficiente;0;0;0;2;12.58604;41.93981;-1;1;Autovettura privata;In marcia / fermata / arresto;Conducente;M;Illeso;0;;Non accertato;Inesistente
3844534;5;26/05/2018 22:25;Strada Urbana;VIA MORROVALLE;all'intersezione con;VIA PIEVEBOVIGLIANA;VIA PIEVEBOVIGLIANA;;;Scontro frontale/laterale DX fra veicoli in marcia;Incrocio;Una carreggiata a senso unico di marcia;Asciutto;Asfaltata;Verticale;Sereno;Normale;Sufficiente;Sufficiente;0;0;0;2;12.58604;41.93981;-1;2;Autovettura privata;In marcia / fermata / arresto;Conducente;M;Illeso;0;;Non accertato;Esploso
3844541;13;27/05/2018 20:15;Strada Urbana;VIA DI DRAGONE;all'intersezione con;VIA ANTONIO ROVEGGIO;VIA ANTONIO ROVEGGIO;;;Veicolo in marcia contro ostacolo fisso;Incrocio;Una carreggiata a doppio senso;Asciutto;Asfaltata;Verticale;Sereno;Scarso;Buona;Ore Diurne;0;0;0;2;12.33258;41.78343;-1;1;Autovettura privata;In marcia / fermata / arresto;Conducente;M;Illeso;0;;Non accertato;Inesistente
3844541;13;27/05/2018 20:15;Strada Urbana;VIA DI DRAGONE;all'intersezione con;VIA ANTONIO ROVEGGIO;VIA ANTONIO ROVEGGIO;;;Veicolo in marcia contro ostacolo fisso;Incrocio;Una carreggiata a doppio senso;Asciutto;Asfaltata;Verticale;Sereno;Scarso;Buona;Ore Diurne;0;0;0;2;12.33258;41.78343;-1;1;Autovettura privata;In marcia / fermata / arresto;Passeggero;F;Illeso;0;;Non accertato;Inesploso
3844548;19;25/05/2018 15:20;Strada Urbana;VIA TRIONFALE;in prossimità;;del civico n.;8610;;Scontro frontale fra veicoli in marcia;Rettilineo;Una carreggiata a senso unico di marcia;Asciutto;Asfaltata;Orizzontale;Sereno;Intenso;Buona;Ore Diurne;1;0;0;2;12.42445;41.93954;-1;1;Motociclo a solo;In marcia / fermata / arresto;Conducente;M;Rimandato;0;NON DECEDUTO;;
3844548;19;25/05/2018 15:20;Strada Urbana;VIA TRIONFALE;in prossimità;;del civico n.;8610;;Scontro frontale fra veicoli in marcia;Rettilineo;Una carreggiata a senso unico di marcia;Asciutto;Asfaltata;Orizzontale;Sereno;Intenso;Buona;Ore Diurne;1;0;0;2;12.42445;41.93954;-1;2;Autovettura privata;In marcia / fermata / arresto;Conducente;M;Illeso;0;;;
3844548;19;25/05/2018 15:20;Strada Urbana;VIA TRIONFALE;in prossimità;;del civico n.;8610;;Scontro frontale fra veicoli in marcia;Rettilineo;Una carreggiata a senso unico di marcia;Asciutto;Asfaltata;Orizzontale;Sereno;Intenso;Buona;Ore Diurne;1;0;0;2;12.42445;41.93954;-1;2;Autovettura privata;In marcia / fermata / arresto;Passeggero;F;Illeso;0;;;
3844552;15;26/05/2018 14:50;Strada Urbana;VIA DELLA MAGLIANA;in corrispondenza;;del civico n.;72;;Investimento di pedone;Rettilineo;Una carreggiata a doppio senso;Asciutto;Asfaltata;Verticale ed orizzontale;Sereno;Normale;Buona;Ore Diurne;1;0;0;2;12.45896;41.8575;-1;;;;Pedone;M;Rimandato;0;NON DECEDUTO;;
3844552;15;26/05/2018 14:50;Strada Urbana;VIA DELLA MAGLIANA;in corrispondenza;;del civico n.;72;;Investimento di pedone;Rettilineo;Una carreggiata a doppio senso;Asciutto;Asfaltata;Verticale ed orizzontale;Sereno;Normale;Buona;Ore Diurne;1;0;0;2;12.45896;41.8575;-1;1;Autovettura privata;In marcia / fermata / arresto;Conducente;F;Illeso;0;;Utilizzato;
3844552;15;26/05/2018 14:50;Strada Urbana;VIA DELLA MAGLIANA;in corrispondenza;;del civico n.;72;;Investimento di pedone;Rettilineo;Una carreggiata a doppio senso;Asciutto;Asfaltata;Verticale ed orizzontale;Sereno;Normale;Buona;Ore Diurne;1;0;0;2;12.45896;41.8575;-1;1;Autovettura privata;In marcia / fermata / arresto;Passeggero;F;Illeso;0;;Utilizzato;
3844556;5;27/05/2018 02:30;Statale entro l'abitato;VIA TIBURTINA;in prossimità;;del palo luce n.;592;;Veicolo in marcia contro ostacolo accidentale;Pendenza;Più di due carreggiate;Asciutto;Asfaltata;Assente;Sereno;Scarso;Sufficiente;Sufficiente;0;0;0;2;12.63828;41.94116;-1;1;Autovettura privata;In marcia / fermata / arresto;Conducente;M;Illeso;0;;Non accertato;
3844556;5;27/05/2018 02:30;Statale entro l'abitato;VIA TIBURTINA;in prossimità;;del palo luce n.;592;;Veicolo in marcia contro ostacolo accidentale;Pendenza;Più di due carreggiate;Asciutto;Asfaltata;Assente;Sereno;Scarso;Sufficiente;Sufficiente;0;0;0;2;12.63828;41.94116;-1;1;Autovettura privata;In marcia / fermata / arresto;Passeggero;M;Illeso;0;;Non accertato;
3844562;1;27/05/2018 00:45;Strada Urbana;PIAZZA DI S. GIOVANNI IN LATERANO;in prossimità;;del palo luce n.;38;;Investimento di pedone;Rettilineo;Una carreggiata a doppio senso;Asciutto;Asfaltata;Verticale ed orizzontale;Sereno;Normale;Buona;Sufficiente;1;0;0;2;;;0;;;;Pedone;M;Rimandato;0;NON DECEDUTO;;
3844562;1;27/05/2018 00:45;Strada Urbana;PIAZZA DI S. GIOVANNI IN LATERANO;in prossimità;;del palo luce n.;38;;Investimento di pedone;Rettilineo;Una carreggiata a doppio senso;Asciutto;Asfaltata;Verticale ed orizzontale;Sereno;Normale;Buona;Sufficiente;1;0;0;2;;;0;1;Autovettura privata;In marcia / fermata / arresto;Conducente;M;Illeso;0;;Non accertato;Inesploso
3844562;1;27/05/2018 00:45;Strada Urbana;PIAZZA DI S. GIOVANNI IN LATERANO;in prossimità;;del palo luce n.;38;;Investimento di pedone;Rettilineo;Una carreggiata a doppio senso;Asciutto;Asfaltata;Verticale ed orizzontale;Sereno;Normale;Buona;Sufficiente;1;0;0;2;;;0;1;Autovettura privata;In marcia / fermata / arresto;Passeggero;F;Illeso;0;;Non accertato;Inesploso
3844568;15;27/05/2018 08:05;Comunale extraurbana;VIALE ISACCO NEWTON;da specificare;;;;300 mt prima rampa immissione Via di Papa Leone;Veicolo in marcia contro ostacolo fisso;Rettilineo;Due carreggiate;Asciutto;Asfaltata;Orizzontale;Nuvoloso;Scarso;Buona;Ore Diurne;0;0;0;1;12.44238;41.84875;-1;1;Autovettura privata;In marcia / fermata / arresto;Conducente;F;Illeso;0;;;
3844571;2;25/05/2018 20:40;Strada Urbana;VIA STIMIGLIANO;all'intersezione con;VIA MONTEBUONO;VIA MONTEBUONO;;;Scontro laterale fra veicoli in marcia;Incrocio;Una carreggiata a senso unico di marcia;Asciutto;Asfaltata;Verticale ed orizzontale;Sereno;Scarso;Buona;Sufficiente;2;0;0;1;12.51299;41.93481;-1;1;Quadriciclo;In marcia / fermata / arresto;Conducente;M;Rifiuta cure immediate;0;NON DECEDUTO;Non accertato;Inesploso
3844571;2;25/05/2018 20:40;Strada Urbana;VIA STIMIGLIANO;all'intersezione con;VIA MONTEBUONO;VIA MONTEBUONO;;;Scontro laterale fra veicoli in marcia;Incrocio;Una carreggiata a senso unico di marcia;Asciutto;Asfaltata;Verticale ed orizzontale;Sereno;Scarso;Buona;Sufficiente;2;0;0;1;12.51299;41.93481;-1;1;Quadriciclo;In marcia / fermata / arresto;Passeggero;F;Illeso;0;;Non accertato;Inesploso
3844571;2;25/05/2018 20:40;Strada Urbana;VIA STIMIGLIANO;all'intersezione con;VIA MONTEBUONO;VIA MONTEBUONO;;;Scontro laterale fra veicoli in marcia;Incrocio;Una carreggiata a senso unico di marcia;Asciutto;Asfaltata;Verticale ed orizzontale;Sereno;Scarso;Buona;Sufficiente;2;0;0;1;12.51299;41.93481;-1;2;Autovettura privata;In marcia / fermata / arresto;Conducente;M;Rifiuta cure immediate;0;NON DECEDUTO;Non accertato;Inesploso
3844573;15;27/05/2018 15:40;Strada Urbana;VIA GREGORIO RICCI CURBASTRO;in corrispondenza;;del civico n.;8;;Veicolo in marcia contro veicolo in sosta;Rettilineo;Due carreggiate;Asciutto;Asfaltata;Verticale ed orizzontale;Sereno;Scarso;Buona;Ore Diurne;0;0;0;1;12.46388;41.87029;-1;2;Autovettura privata;In marcia / fermata / arresto;Conducente;F;Illeso;0;;;
3844574;2;25/05/2018 10:50;Strada Urbana;VIA GAETANO DONIZETTI;all'intersezione con;VIA GASPARE SPONTINI;VIA GASPARE SPONTINI;;;Scontro frontale/laterale DX fra veicoli in marcia;Incrocio;Una carreggiata a senso unico di marcia;Asciutto;Asfaltata;Verticale ed orizzontale;Sereno;Normale;Buona;Ore Diurne;0;0;0;4;12.49519;41.91774;0;1;Autovettura privata;In marcia / fermata / arresto;Conducente;F;Illeso;0;;;
3844574;2;25/05/2018 10:50;Strada Urbana;VIA GAETANO DONIZETTI;all'intersezione con;VIA GASPARE SPONTINI;VIA GASPARE SPONTINI;;;Scontro frontale/laterale DX fra veicoli in marcia;Incrocio;Una carreggiata a senso unico di marcia;Asciutto;Asfaltata;Verticale ed orizzontale;Sereno;Normale;Buona;Ore Diurne;0;0;0;4;12.49519;41.91774;0;1;Autovettura privata;In marcia / fermata / arresto;Passeggero;M;Illeso;0;;;
3844574;2;25/05/2018 10:50;Strada Urbana;VIA GAETANO DONIZETTI;all'intersezione con;VIA GASPARE SPONTINI;VIA GASPARE SPONTINI;;;Scontro frontale/laterale DX fra veicoli in marcia;Incrocio;Una carreggiata a senso unico di marcia;Asciutto;Asfaltata;Verticale ed orizzontale;Sereno;Normale;Buona;Ore Diurne;0;0;0;4;12.49519;41.91774;0;2;Autocarro inferiore 35 q.;In marcia / fermata / arresto;Conducente;M;Illeso;0;;;
3844574;2;25/05/2018 10:50;Strada Urbana;VIA GAETANO DONIZETTI;all'intersezione con;VIA GASPARE SPONTINI;VIA GASPARE SPONTINI;;;Scontro frontale/laterale DX fra veicoli in marcia;Incrocio;Una carreggiata a senso unico di marcia;Asciutto;Asfaltata;Verticale ed orizzontale;Sereno;Normale;Buona;Ore Diurne;0;0;0;4;12.49519;41.91774;0;2;Autocarro inferiore 35 q.;In marcia / fermata / arresto;Passeggero;F;Illeso;0;;;
3844580;2;25/05/2018 23:15;Strada Urbana;CIRCONVALLAZIONE TIBURTINA;da specificare;;;;in corrispondenza svincolo A24;Scontro laterale fra veicoli in marcia;Rettilineo;Due carreggiate;Asciutto;Asfaltata;Verticale ed orizzontale;Sereno;Scarso;Buona;Sufficiente;0;0;0;1;12.5279;41.89931;-1;1;Autovettura privata;In marcia / fermata / arresto;Conducente;M;Illeso;0;;Non accertato;Inesploso
3844582;2;25/05/2018 12:05;Strada Urbana;PIAZZA TRENTO;in prossimità;;del civico n.;FR.9;;Ribaltamento senza urto contro ostacolo fisso;Rettilineo;Una carreggiata a doppio senso;Asciutto;Asfaltata;Orizzontale;Sereno;Normale;Buona;Ore Diurne;0;0;0;2;12.50513;41.91713;-1;1;Motociclo a solo;In marcia / fermata / arresto;Conducente;M;Illeso;0;;Non accertato;
3844582;2;25/05/2018 12:05;Strada Urbana;PIAZZA TRENTO;in prossimità;;del civico n.;FR.9;;Ribaltamento senza urto contro ostacolo fisso;Rettilineo;Una carreggiata a doppio senso;Asciutto;Asfaltata;Orizzontale;Sereno;Normale;Buona;Ore Diurne;0;0;0;2;12.50513;41.91713;-1;2;Autovettura privata;In marcia / fermata / arresto;Conducente;M;Illeso;0;;Non accertato;Inesploso
3844584;2;26/05/2018 04:00;Strada Urbana;CIRCONVALLAZIONE SALARIA;da specificare;;;;alt. svincolo VIALE SOMALIA dir. S. GIOVANNI;Scontro laterale fra veicoli in marcia;Rettilineo;Due carreggiate;Asciutto;Asfaltata;Verticale ed orizzontale;Sereno;Scarso;Buona;Sufficiente;1;0;0;1;12.52085;41.93447;-1;1;Autovettura privata;In marcia / fermata / arresto;Conducente;M;Rimandato;0;NON DECEDUTO;Non accertato;Inesploso
3844584;2;26/05/2018 04:00;Strada Urbana;CIRCONVALLAZIONE SALARIA;da specificare;;;;alt. svincolo VIALE SOMALIA dir. S. GIOVANNI;Scontro laterale fra veicoli in marcia;Rettilineo;Due carreggiate;Asciutto;Asfaltata;Verticale ed orizzontale;Sereno;Scarso;Buona;Sufficiente;1;0;0;1;12.52085;41.93447;-1;2;Autovettura privata;In marcia / fermata / arresto;Conducente;M;Illeso;0;;Non accertato;Inesploso
3844585;2;26/05/2018 12:30;Strada Urbana;VIA AJACCIO;all'intersezione con;VIA CORSICA;VIA CORSICA;;;Scontro laterale fra veicoli in marcia;Incrocio;Una carreggiata a senso unico di marcia;Asciutto;Asfaltata;Orizzontale;Sereno;Scarso;Buona;Ore Diurne;0;0;0;2;12.50934;41.9191;-1;1;Autovettura privata;In marcia / fermata / arresto;Conducente;M;Illeso;0;;;
3844585;2;26/05/2018 12:30;Strada Urbana;VIA AJACCIO;all'intersezione con;VIA CORSICA;VIA CORSICA;;;Scontro laterale fra veicoli in marcia;Incrocio;Una carreggiata a senso unico di marcia;Asciutto;Asfaltata;Orizzontale;Sereno;Scarso;Buona;Ore Diurne;0;0;0;2;12.50934;41.9191;-1;2;Autocarro inferiore 35 q.;In marcia / fermata / arresto;Conducente;M;Illeso;0;;;
3844586;15;27/05/2018 14:30;Strada Urbana;VIA DELLA MAGLIANA;all'intersezione con;VIA CITTA' DI PRATO;VIA CITTA' DI PRATO;;;Veicolo in marcia contro ostacolo fisso;Incrocio;Una carreggiata a doppio senso;Asciutto;Asfaltata;Verticale ed orizzontale;Sereno;Scarso;Buona;Ore Diurne;2;0;0;0;12.41962;41.83172;-1;1;Autovettura privata;In marcia / fermata / arresto;Conducente;F;Rimandato;0;NON DECEDUTO;Non accertato;Esploso
3844586;15;27/05/2018 14:30;Strada Urbana;VIA DELLA MAGLIANA;all'intersezione con;VIA CITTA' DI PRATO;VIA CITTA' DI PRATO;;;Veicolo in marcia contro ostacolo fisso;Incrocio;Una carreggiata a doppio senso;Asciutto;Asfaltata;Verticale ed orizzontale;Sereno;Scarso;Buona;Ore Diurne;2;0;0;0;12.41962;41.83172;-1;1;Autovettura privata;In marcia / fermata / arresto;Passeggero;F;Rimandato;0;NON DECEDUTO;Non accertato;Esploso
3844587;2;26/05/2018 16:10;Strada Urbana;VIA DI VILLA SACCHETTI;all'intersezione semaforizzata con;VIA ULISSE ALDROVANDI;VIA ULISSE ALDROVANDI;;;Scontro frontale/laterale DX fra veicoli in marcia;Intersezione semaforizzata;Una carreggiata a doppio senso;Asciutto;Asfaltata;Verticale ed orizzontale;Sereno;Intenso;Buona;Ore Diurne;0;0;0;2;12.48654;41.91932;-1;1;Autovettura privata;In marcia / fermata / arresto;Conducente;F;Illeso;0;;;
3844587;2;26/05/2018 16:10;Strada Urbana;VIA DI VILLA SACCHETTI;all'intersezione semaforizzata con;VIA ULISSE ALDROVANDI;VIA ULISSE ALDROVANDI;;;Scontro frontale/laterale DX fra veicoli in marcia;Intersezione semaforizzata;Una carreggiata a doppio senso;Asciutto;Asfaltata;Verticale ed orizzontale;Sereno;Intenso;Buona;Ore Diurne;0;0;0;2;12.48654;41.91932;-1;2;Autovettura privata;In marcia / fermata / arresto;Conducente;F;Illeso;0;;;
3844588;19;25/05/2018 19:00;Strada Urbana;VIA TRIONFALE;in corrispondenza;;del civico n.;7012;;Veicolo in marcia contro veicolo in sosta;Rettilineo;Una carreggiata a doppio senso;Asciutto;Asfaltata;Assente;Sereno;Normale;Buona;Ore Diurne;0;0;0;1;12.43941;41.93458;-1;1;Autovettura privata;In marcia / fermata / arresto;Conducente;F;Illeso;0;;Non accertato;Inesploso
3844593;2;26/05/2018 20:00;Strada Urbana;VIALE TIZIANO;all'intersezione con;VIA FRANCESCO JACOVACCI;VIA FRANCESCO JACOVACCI;;;Veicolo in marcia contro ostacolo fisso;Incrocio;Una carreggiata a senso unico di marcia;Asciutto;Asfaltata;Assente;Sereno;Scarso;Buona;Sufficiente;1;1;0;0;12.47072;41.92649;-1;1;Motociclo con passeggero;In marcia / fermata / arresto;Conducente;M;Rimandato;0;NON DECEDUTO;;
3844593;2;26/05/2018 20:00;Strada Urbana;VIALE TIZIANO;all'intersezione con;VIA FRANCESCO JACOVACCI;VIA FRANCESCO JACOVACCI;;;Veicolo in marcia contro ostacolo fisso;Incrocio;Una carreggiata a senso unico di marcia;Asciutto;Asfaltata;Assente;Sereno;Scarso;Buona;Sufficiente;1;1;0;0;12.47072;41.92649;-1;1;Motociclo con passeggero;In marcia / fermata / arresto;Passeggero;F;Prognosi riservata;0;NON DECEDUTO;;
3844594;2;27/05/2018 03:00;;VIA NOMENTANA;all'intersezione con;VIA MESSINA;VIA MESSINA;;;Veicolo in marcia contro ostacolo fisso;;;;;;;;;;1;0;0;0;;;0;1;Autovettura privata;In marcia / fermata / arresto;Conducente;F;Rimandato;0;NON DECEDUTO;;
3844595;18;25/05/2018 21:30;Strada Urbana;VIA SUOR MARIA AGOSTINA;in corrispondenza;;del civico n.;97;;Scontro frontale fra veicoli in marcia;Rettilineo;Una carreggiata a doppio senso;Asciutto;Asfaltata;Verticale ed orizzontale;Sereno;Scarso;Buona;Sufficiente;0;0;0;2;12.38787;41.9047;-1;1;Autovettura privata;In marcia / fermata / arresto;Conducente;M;Illeso;0;;;
3844595;18;25/05/2018 21:30;Strada Urbana;VIA SUOR MARIA AGOSTINA;in corrispondenza;;del civico n.;97;;Scontro frontale fra veicoli in marcia;Rettilineo;Una carreggiata a doppio senso;Asciutto;Asfaltata;Verticale ed orizzontale;Sereno;Scarso;Buona;Sufficiente;0;0;0;2;12.38787;41.9047;-1;2;Autovettura privata;In marcia / fermata / arresto;Conducente;M;Illeso;0;;;
3844596;6;28/05/2018 07:45;Strada Urbana;VIA COLLATINA;in corrispondenza;;del civico n.;3;;Scontro laterale fra veicoli in marcia;Rettilineo;Una carreggiata a doppio senso;Asciutto;Asfaltata;Verticale ed orizzontale;Sereno;Normale;Buona;Ore Diurne;0;0;0;3;12.56288;41.89526;-1;1;Autovettura privata;In marcia / fermata / arresto;Conducente;F;Illeso;0;;Non accertato;Inesploso
3844596;6;28/05/2018 07:45;Strada Urbana;VIA COLLATINA;in corrispondenza;;del civico n.;3;;Scontro laterale fra veicoli in marcia;Rettilineo;Una carreggiata a doppio senso;Asciutto;Asfaltata;Verticale ed orizzontale;Sereno;Normale;Buona;Ore Diurne;0;0;0;3;12.56288;41.89526;-1;1;Autovettura privata;In marcia / fermata / arresto;Passeggero;F;Illeso;0;;Non accertato;Inesploso
3844596;6;28/05/2018 07:45;Strada Urbana;VIA COLLATINA;in corrispondenza;;del civico n.;3;;Scontro laterale fra veicoli in marcia;Rettilineo;Una carreggiata a doppio senso;Asciutto;Asfaltata;Verticale ed orizzontale;Sereno;Normale;Buona;Ore Diurne;0;0;0;3;12.56288;41.89526;-1;2;Autocarro superiore 35 q.;In marcia / fermata / arresto;Conducente;M;Illeso;0;;Non accertato;Inesploso
3844597;5;27/05/2018 08:40;;VIA DI MARCO SIMONE;in prossimità;;del civico n.;233;;Veicolo in marcia contro ostacolo fisso;;;;;;;;;;1;0;0;0;12.62929;41.95842;0;1;Autocarro inferiore 35 q.;In marcia / fermata / arresto;Conducente;M;Rimandato;0;NON DECEDUTO;;
3844599;2;25/05/2018 16:30;Strada Urbana;VIA DOMENICO CIMAROSA;in prossimità;;del civico n.;3;;Scontro laterale fra veicoli in marcia;Rettilineo;Una carreggiata a doppio senso;Asciutto;Asfaltata;Verticale ed orizzontale;Sereno;Scarso;Buona;Ore Diurne;0;0;0;2;12.49685;41.91965;0;1;Autovettura privata;In marcia / fermata / arresto;Conducente;M;Illeso;0;;Non accertato;
3844599;2;25/05/2018 16:30;Strada Urbana;VIA DOMENICO CIMAROSA;in prossimità;;del civico n.;3;;Scontro laterale fra veicoli in marcia;Rettilineo;Una carreggiata a doppio senso;Asciutto;Asfaltata;Verticale ed orizzontale;Sereno;Scarso;Buona;Ore Diurne;0;0;0;2;12.49685;41.91965;0;2;Autovettura privata;In marcia / fermata / arresto;Conducente;F;Illeso;0;;;
3844600;2;25/05/2018 17:05;Strada Urbana;LARGO DI VILLA BIANCA;all'intersezione con;VIA BRADANO;VIA BRADANO;;;Scontro laterale fra veicoli in marcia;Intersezione stradale segnalata;Una carreggiata a senso unico di marcia;Asciutto;Asfaltata;Verticale;Sereno;Normale;Buona;Ore Diurne;0;0;0;2;12.51298;41.92598;-1;1;Autovettura privata;In marcia / fermata / arresto;Conducente;M;Illeso;0;;Non accertato;Inesploso
3844600;2;25/05/2018 17:05;Strada Urbana;LARGO DI VILLA BIANCA;all'intersezione con;VIA BRADANO;VIA BRADANO;;;Scontro laterale fra veicoli in marcia;Intersezione stradale segnalata;Una carreggiata a senso unico di marcia;Asciutto;Asfaltata;Verticale;Sereno;Normale;Buona;Ore Diurne;0;0;0;2;12.51298;41.92598;-1;2;Autovettura privata;In marcia / fermata / arresto;Conducente;M;Illeso;0;;;
3844603;19;25/05/2018 14:40;Strada Urbana;VIA PIETRO GASPARRI;in prossimità;;del civico n.;46;;Veicolo in marcia contro veicolo in sosta;Rettilineo;Una carreggiata a doppio senso;Asciutto;Asfaltata;Verticale ed orizzontale;Sereno;Normale;Buona;Ore Diurne;0;0;0;2;12.41433;41.9229;-1;1;Autovettura privata;In marcia / fermata / arresto;Conducente;F;Illeso;0;;;
3844603;19;25/05/2018 14:40;Strada Urbana;VIA PIETRO GASPARRI;in prossimità;;del civico n.;46;;Veicolo in marcia contro veicolo in sosta;Rettilineo;Una carreggiata a doppio senso;Asciutto;Asfaltata;Verticale ed orizzontale;Sereno;Normale;Buona;Ore Diurne;0;0;0;2;12.41433;41.9229;-1;1;Autovettura privata;In marcia / fermata / arresto;Passeggero;M;Illeso;0;;;
3844609;11;26/05/2018 08:40;Strada Urbana;LARGO ENEA BORTOLOTTI;all'intersezione semaforizzata con;VIALE GUGLIELMO MARCONI;VIALE GUGLIELMO MARCONI;;;Investimento di pedone;Intersezione semaforizzata;Due carreggiate;Asciutto;Asfaltata;Verticale ed orizzontale;Sereno;Scarso;Buona;Ore Diurne;1;0;0;1;12.47223;41.85476;-1;;;;Pedone;F;Rimandato;0;NON DECEDUTO;;
3844609;11;26/05/2018 08:40;Strada Urbana;LARGO ENEA BORTOLOTTI;all'intersezione semaforizzata con;VIALE GUGLIELMO MARCONI;VIALE GUGLIELMO MARCONI;;;Investimento di pedone;Intersezione semaforizzata;Due carreggiate;Asciutto;Asfaltata;Verticale ed orizzontale;Sereno;Scarso;Buona;Ore Diurne;1;0;0;1;12.47223;41.85476;-1;1;Velocipede;In marcia / fermata / arresto;Conducente;M;Illeso;0;;Esente;
3844616;19;27/05/2018 11:15;Strada Urbana;VIA MONEGLIA;all'intersezione con;VIA TAGGIA;VIA TAGGIA;;;Scontro frontale/laterale DX fra veicoli in marcia;Incrocio;Una carreggiata a doppio senso;Asciutto;Asfaltata;Verticale ed orizzontale;Sereno;Normale;Buona;Ore Diurne;0;0;0;2;12.42063;41.93236;-1;1;Autovettura privata;In marcia / fermata / arresto;Conducente;M;Illeso;0;;Non accertato;Inesploso
3844616;19;27/05/2018 11:15;Strada Urbana;VIA MONEGLIA;all'intersezione con;VIA TAGGIA;VIA TAGGIA;;;Scontro frontale/laterale DX fra veicoli in marcia;Incrocio;Una carreggiata a doppio senso;Asciutto;Asfaltata;Verticale ed orizzontale;Sereno;Normale;Buona;Ore Diurne;0;0;0;2;12.42063;41.93236;-1;2;Ciclomotore;In marcia / fermata / arresto;Conducente;M;Illeso;0;;Non accertato;
3844630;18;27/05/2018 03:10;Strada Urbana;VIA MARMORATA;all'intersezione semaforizzata con;VIA GALVANI;VIA GALVANI;;;Scontro frontale/laterale DX fra veicoli in marcia;Intersezione stradale segnalata;Più di due carreggiate;Asciutto;Acciotolata;Verticale;Sereno;Scarso;Sufficiente;Sufficiente;1;0;0;0;12.4784;41.87981;0;2;Motociclo a solo;In marcia / fermata / arresto;Conducente;M;Rimandato;0;NON DECEDUTO;Non accertato;
3844633;19;26/05/2018 03:40;Strada Urbana;VIA LEONE XIII;da specificare;;;;Pross. via Leone Dehon;Scontro frontale/laterale SX fra veicoli in marcia;Rettilineo;Una carreggiata a senso unico di marcia;Asciutto;Asfaltata;Orizzontale;Sereno;Scarso;Sufficiente;Sufficiente;0;0;0;5;12.44044;41.88694;-1;1;Autovettura privata;In marcia / fermata / arresto;Conducente;F;Illeso;0;;Non accertato;Inesploso
3844633;19;26/05/2018 03:40;Strada Urbana;VIA LEONE XIII;da specificare;;;;Pross. via Leone Dehon;Scontro frontale/laterale SX fra veicoli in marcia;Rettilineo;Una carreggiata a senso unico di marcia;Asciutto;Asfaltata;Orizzontale;Sereno;Scarso;Sufficiente;Sufficiente;0;0;0;5;12.44044;41.88694;-1;1;Autovettura privata;In marcia / fermata / arresto;Passeggero;F;Illeso;0;;Non accertato;Inesploso