Protocollo;Gruppo;DataOraIncidente;Localizzazione1;STRADA1;Localizzazione2;STRADA2;Strada02;Chilometrica;DaSpecificare;NaturaIncidente;particolaritastrade;TipoStrada;FondoStradale;Pavimentazione;Segnaletica;CondizioneAtmosferica;Traffico;Visibilita;Illuminazione;NUM_FERITI;NUM_RISERVATA;NUM_MORTI;NUM_ILLESI;Longitudine;Latitudine;Confermato;Progressivo;TipoVeicolo;StatoVeicolo;TipoPersona;Sesso;Tipolesione;Deceduto;DecedutoDopo;CinturaCascoUtilizzato;Airbag
3846932;15;29/05/2018 06:50;Strada Urbana;VIA PORTUENSE;da specificare;;;;prossimità civ. 220;Scontro frontale fra veicoli in marcia;Curva senza visuale libera;Due carreggiate;Asciutto;Asfaltata;Verticale ed orizzontale;Sereno;Normale;Buona;Ore Diurne;3;0;0;1;12.41402;41.84696;-1;1;Autovettura privata;In marcia / fermata / arresto;Conducente;F;Rimandato;0;NON DECEDUTO;Utilizzato;
3846932;15;29/05/2018 06:50;Strada Urbana;VIA PORTUENSE;da specificare;;;;prossimità civ. 220;Scontro frontale fra veicoli in marcia;Curva senza visuale libera;Due carreggiate;Asciutto;Asfaltata;Verticale ed orizzontale;Sereno;Normale;Buona;Ore Diurne;3;0;0;1;12.41402;41.84696;-1;2;Autovettura privata;In marcia / fermata / arresto;Conducente;M;Rimandato;0;NON DECEDUTO;Utilizzato;Inesploso
3846932;15;29/05/2018 06:50;Strada Urbana;VIA PORTUENSE;da specificare;;;;prossimità civ. 220;Scontro frontale fra veicoli in marcia;Curva senza visuale libera;Due carreggiate;Asciutto;Asfaltata;Verticale ed orizzontale;Sereno;Normale;Buona;Ore Diurne;3;0;0;1;12.41402;41.84696;-1;3;Motociclo a solo;In marcia / fermata / arresto;Conducente;M;Illeso;0;;Utilizzato;
3846932;15;29/05/2018 06:50;Strada Urbana;VIA PORTUENSE;da specificare;;;;prossimità civ. 220;Scontro frontale fra veicoli in marcia;Curva senza visuale libera;Due carreggiate;Asciutto;Asfaltata;Verticale ed orizzontale;Sereno;Normale;Buona;Ore Diurne;3;0;0;1;12.41402;41.84696;-1;4;Autocarro inferiore 35 q.;In marcia / fermata / arresto;Conducente;M;Rimandato;0;NON DECEDUTO;Utilizzato;
3846988;10;29/05/2018 12:40;Strada Urbana;VIA SAN BASILE;in prossimità;;del civico n.;63;;Scontro frontale fra veicoli in marcia;Curva a visuale libera;Una carreggiata a doppio senso;Asciutto;Asfaltata;Orizzontale;Sereno;Normale;Buona;Ore Diurne;1;0;0;1;12.61439;41.83046;-1;1;Autovettura privata;In marcia / fermata / arresto;Conducente;M;Rimandato;0;NON DECEDUTO;Non accertato;Inesploso
3846988;10;29/05/2018 12:40;Strada Urbana;VIA SAN BASILE;in prossimità;;del civico n.;63;;Scontro frontale fra veicoli in marcia;Curva a visuale libera;Una carreggiata a doppio senso;Asciutto;Asfaltata;Orizzontale;Sereno;Normale;Buona;Ore Diurne;1;0;0;1;12.61439;41.83046;-1;2;Autovettura privata;In marcia / fermata / arresto;Conducente;F;Illeso;0;;Non accertato;Inesploso
3847048;1;29/05/2018 07:50;Strada Urbana;VIA CLAUDIA;in prossimità;;del palo luce n.;8;;Veicolo in marcia contro ostacolo accidentale;Rettilineo;Una carreggiata a doppio senso;Viscido da liquidi oleosi;Asfaltata;Verticale ed orizzontale;Sereno;Normale;Buona;Ore Diurne;1;0;0;0;12.4943;41.88784;-1;1;Motociclo a solo;In marcia / fermata / arresto;Conducente;M;Rimandato;0;NON DECEDUTO;;
3847060;1;29/05/2018 10:00;Strada Urbana;VIA CILICIA;da specificare;;;;in prossimità cavalcavia dell'APPIA ANTICA;Tamponamento;Cavalcavia;Due carreggiate;Asciutto;Asfaltata;Verticale ed orizzontale;Sereno;Normale;Buona;Ore Diurne;1;0;0;1;12.50152;41.87114;-1;1;Motociclo a solo;In marcia / fermata / arresto;Conducente;M;Rimandato;0;NON DECEDUTO;Non accertato;
3847060;1;29/05/2018 10:00;Strada Urbana;VIA CILICIA;da specificare;;;;in prossimità cavalcavia dell'APPIA ANTICA;Tamponamento;Cavalcavia;Due carreggiate;Asciutto;Asfaltata;Verticale ed orizzontale;Sereno;Normale;Buona;Ore Diurne;1;0;0;1;12.50152;41.87114;-1;2;Autovettura privata;In marcia / fermata / arresto;Conducente;F;Illeso;0;;Non accertato;Inesploso
3847083;1;28/05/2018 14:30;Strada Urbana;LUNGOTEVERE MARZIO;in prossimità;;del civico n.;3;;Scontro laterale fra veicoli in marcia;Rettilineo;Una carreggiata a senso unico di marcia;Asciutto;Asfaltata;Verticale ed orizzontale;Nuvoloso;Normale;Buona;Ore Diurne;0;0;0;3;;;0;1;Autovettura privata;In marcia / fermata / arresto;Conducente;M;Illeso;0;;Non accertato;Inesploso
3847083;1;28/05/2018 14:30;Strada Urbana;LUNGOTEVERE MARZIO;in prossimità;;del civico n.;3;;Scontro laterale fra veicoli in marcia;Rettilineo;Una carreggiata a senso unico di marcia;Asciutto;Asfaltata;Verticale ed orizzontale;Nuvoloso;Normale;Buona;Ore Diurne;0;0;0;3;;;0;1;Autovettura privata;In marcia / fermata / arresto;Passeggero;M;Illeso;0;;Non accertato;Inesploso
3847083;1;28/05/2018 14:30;Strada Urbana;LUNGOTEVERE MARZIO;in prossimità;;del civico n.;3;;Scontro laterale fra veicoli in marcia;Rettilineo;Una carreggiata a senso unico di marcia;Asciutto;Asfaltata;Verticale ed orizzontale;Nuvoloso;Normale;Buona;Ore Diurne;0;0;0;3;;;0;2;Motociclo a solo;In marcia / fermata / arresto;Conducente;M;Illeso;0;;Non accertato;
3847126;1;29/05/2018 10:35;Strada Urbana;LUNGOTEVERE IN AUGUSTA;in prossimità;;del civico n.;15;;Scontro laterale fra veicoli in marcia;Rettilineo;Una carreggiata a senso unico di marcia;Asciutto;Asfaltata;Verticale ed orizzontale;Sereno;Normale;Buona;Ore Diurne;2;0;0;0;;;0;1;Autocarro inferiore 35 q.;In marcia / fermata / arresto;Conducente;M;Rifiuta cure immediate;0;NON DECEDUTO;Non accertato;Inesploso
3847126;1;29/05/2018 10:35;Strada Urbana;LUNGOTEVERE IN AUGUSTA;in prossimità;;del civico n.;15;;Scontro laterale fra veicoli in marcia;Rettilineo;Una carreggiata a senso unico di marcia;Asciutto;Asfaltata;Verticale ed orizzontale;Sereno;Normale;Buona;Ore Diurne;2;0;0;0;;;0;2;Autovettura privata;In marcia / fermata / arresto;Conducente;M;Ricoverato;0;NON DECEDUTO;Non accertato;Inesploso
3847169;11;29/05/2018 14:40;Strada Urbana;VIA CRISTOFORO COLOMBO;all'intersezione semaforizzata con;VIA DEI GEORGOFILI;VIA DEI GEORGOFILI;;;Tamponamento Multiplo;Intersezione semaforizzata;Più di due carreggiate;Asciutto;Asfaltata;Verticale ed orizzontale;Nuvoloso;Normale;Buona;Ore Diurne;2;0;0;4;12.49085;41.85427;-1;1;Autovettura privata;In marcia / fermata / arresto;Conducente;M;Rifiuta cure immediate;0;NON DECEDUTO;Non accertato;Inesploso
3847169;11;29/05/2018 14:40;Strada Urbana;VIA CRISTOFORO COLOMBO;all'intersezione semaforizzata con;VIA DEI GEORGOFILI;VIA DEI GEORGOFILI;;;Tamponamento Multiplo;Intersezione semaforizzata;Più di due carreggiate;Asciutto;Asfaltata;Verticale ed orizzontale;Nuvoloso;Normale;Buona;Ore Diurne;2;0;0;4;12.49085;41.85427;-1;1;Autovettura privata;In marcia / fermata / arresto;Passeggero;F;Rifiuta cure immediate;0;NON DECEDUTO;Non accertato;Inesploso
3847169;11;29/05/2018 14:40;Strada Urbana;VIA CRISTOFORO COLOMBO;all'intersezione semaforizzata con;VIA DEI GEORGOFILI;VIA DEI GEORGOFILI;;;Tamponamento Multiplo;Intersezione semaforizzata;Più di due carreggiate;Asciutto;Asfaltata;Verticale ed orizzontale;Nuvoloso;Normale;Buona;Ore Diurne;2;0;0;4;12.49085;41.85427;-1;2;Autovettura privata;In marcia / fermata / arresto;Conducente;F;Illeso;0;;Non accertato;Inesploso
3847169;11;29/05/2018 14:40;Strada Urbana;VIA CRISTOFORO COLOMBO;all'intersezione semaforizzata con;VIA DEI GEORGOFILI;VIA DEI GEORGOFILI;;;Tamponamento Multiplo;Intersezione semaforizzata;Più di due carreggiate;Asciutto;Asfaltata;Verticale ed orizzontale;Nuvoloso;Normale;Buona;Ore Diurne;2;0;0;4;12.49085;41.85427;-1;3;Autovettura privata;In marcia / fermata / arresto;Conducente;F;Illeso;0;;Non accertato;Inesploso
3847169;11;29/05/2018 14:40;Strada Urbana;VIA CRISTOFORO COLOMBO;all'intersezione semaforizzata con;VIA DEI GEORGOFILI;VIA DEI GEORGOFILI;;;Tamponamento Multiplo;Intersezione semaforizzata;Più di due carreggiate;Asciutto;Asfaltata;Verticale ed orizzontale;Nuvoloso;Normale;Buona;Ore Diurne;2;0;0;4;12.49085;41.85427;-1;3;Autovettura privata;In marcia / fermata / arresto;Passeggero;F;Illeso;0;;Non accertato;Inesploso
3847169;11;29/05/2018 14:40;Strada Urbana;VIA CRISTOFORO COLOMBO;all'intersezione semaforizzata con;VIA DEI GEORGOFILI;VIA DEI GEORGOFILI;;;Tamponamento Multiplo;Intersezione semaforizzata;Più di due carreggiate;Asciutto;Asfaltata;Verticale ed orizzontale;Nuvoloso;Normale;Buona;Ore Diurne;2;0;0;4;12.49085;41.85427;-1;4;Autovettura privata;In marcia / fermata / arresto;Conducente;F;Illeso;0;;Non accertato;Inesploso
3847172;2;24/05/2018 16:00;Strada Urbana;VIALE DEL MURO TORTO;da specificare;;;;direz. Policlinico 100mt prima di P.le Brasile;Veicolo in marcia contro ostacolo accidentale;Rettilineo;Due carreggiate;Asciutto;Asfaltata;Verticale ed orizzontale;Sereno;Normale;Buona;Ore Diurne;0;0;0;1;12.48164;41.9108;-1;1;Autovettura privata;In marcia / fermata / arresto;Conducente;M;Illeso;0;;Non accertato;Inesploso
3847325;6;29/05/2018 16:15;Strada Urbana;VIALE DELLA PRIMAVERA;da specificare;;;;altezza via Romolo Lombardi;Scontro laterale fra veicoli in marcia;Rettilineo;Due carreggiate;Asciutto;Asfaltata;Assente;Sereno;Normale;Buona;Ore Diurne;0;0;0;2;12.5607;41.88357;-1;1;Motociclo a solo;In marcia / fermata / arresto;Conducente;M;Illeso;0;;Non accertato;
3847325;6;29/05/2018 16:15;Strada Urbana;VIALE DELLA PRIMAVERA;da specificare;;;;altezza via Romolo Lombardi;Scontro laterale fra veicoli in marcia;Rettilineo;Due carreggiate;Asciutto;Asfaltata;Assente;Sereno;Normale;Buona;Ore Diurne;0;0;0;2;12.5607;41.88357;-1;2;Autovettura privata;In marcia / fermata / arresto;Conducente;M;Illeso;0;;Non accertato;Inesploso
3847368;18;29/05/2018 10:20;Strada Urbana;VIA GREGORIO VII;in prossimità;;del civico n.;130;;Ribaltamento senza urto contro ostacolo fisso;Rettilineo;Più di due carreggiate;Asciutto;Asfaltata;Verticale ed orizzontale;Sereno;Normale;Buona;Ore Diurne;1;0;0;0;12.44596;41.89574;-1;1;Ciclomotore;In marcia / fermata / arresto;Conducente;F;Rimandato;0;NON DECEDUTO;Non accertato;
3847384;11;29/05/2018 15:30;Strada Urbana;VIA CAPITAN BAVASTRO;all'intersezione con;VIA CARLO CITERNI;VIA CARLO CITERNI;;;Scontro frontale/laterale DX fra veicoli in marcia;Incrocio;Due carreggiate;Asciutto;Asfaltata;Verticale ed orizzontale;Nuvoloso;Normale;Buona;Ore Diurne;1;0;0;1;12.49313;41.869;0;1;Motociclo a solo;In marcia / fermata / arresto;Conducente;M;Rimandato;0;NON DECEDUTO;Non accertato;
3847384;11;29/05/2018 15:30;Strada Urbana;VIA CAPITAN BAVASTRO;all'intersezione con;VIA CARLO CITERNI;VIA CARLO CITERNI;;;Scontro frontale/laterale DX fra veicoli in marcia;Incrocio;Due carreggiate;Asciutto;Asfaltata;Verticale ed orizzontale;Nuvoloso;Normale;Buona;Ore Diurne;1;0;0;1;12.49313;41.869;0;2;Autovettura privata;In marcia / fermata / arresto;Conducente;F;Illeso;0;;Non accertato;Inesploso
3847394;9;29/05/2018 11:40;;VIA TUSCOLANA;da specificare;;;;fronte VIA DON RUA;Scontro laterale fra veicoli in marcia;;;;;;;;;;1;0;0;1;12.52925;41.87441;0;1;Autovettura privata;In marcia / fermata / arresto;Conducente;F;Illeso;0;;Non accertato;Inesploso
3847394;9;29/05/2018 11:40;;VIA TUSCOLANA;da specificare;;;;fronte VIA DON RUA;Scontro laterale fra veicoli in marcia;;;;;;;;;;1;0;0;1;12.52925;41.87441;0;2;Motociclo a solo;In marcia / fermata / arresto;Conducente;M;Rimandato;0;NON DECEDUTO;;
3847417;9;29/05/2018 12:20;Strada Urbana;VIA MAGNAGRECIA;in prossimità;;del civico n.;24;;Tamponamento;Rettilineo;Una carreggiata a senso unico di marcia;Asciutto;Asfaltata;Verticale ed orizzontale;Sereno;Intenso;Buona;Ore Diurne;1;0;0;3;12.50929;41.88478;-1;1;Autovettura privata;In marcia / fermata / arresto;Conducente;M;Illeso;0;;Non accertato;Inesploso
3847417;9;29/05/2018 12:20;Strada Urbana;VIA MAGNAGRECIA;in prossimità;;del civico n.;24;;Tamponamento;Rettilineo;Una carreggiata a senso unico di marcia;Asciutto;Asfaltata;Verticale ed orizzontale;Sereno;Intenso;Buona;Ore Diurne;1;0;0;3;12.50929;41.88478;-1;1;Autovettura privata;In marcia / fermata / arresto;Passeggero;F;Illeso;0;;Non accertato;Inesploso
3847417;9;29/05/2018 12:20;Strada Urbana;VIA MAGNAGRECIA;in prossimità;;del civico n.;24;;Tamponamento;Rettilineo;Una carreggiata a senso unico di marcia;Asciutto;Asfaltata;Verticale ed orizzontale;Sereno;Intenso;Buona;Ore Diurne;1;0;0;3;12.50929;41.88478;-1;2;Autovettura privata;In marcia / fermata / arresto;Conducente;F;Rimandato;0;NON DECEDUTO;Non accertato;Inesploso
3847417;9;29/05/2018 12:20;Strada Urbana;VIA MAGNAGRECIA;in prossimità;;del civico n.;24;;Tamponamento;Rettilineo;Una carreggiata a senso unico di marcia;Asciutto;Asfaltata;Verticale ed orizzontale;Sereno;Intenso;Buona;Ore Diurne;1;0;0;3;12.50929;41.88478;-1;2;Autovettura privata;In marcia / fermata / arresto;Passeggero;M;Illeso;0;;Non accertato;Inesploso
3847424;13;29/05/2018 09:20;;VIA DELLE BALENIERE;in prossimità;;del civico n.;166;;Veicolo in marcia contro veicolo arresto;;;;;;;;;;0;0;0;3;12.28005;41.73891;0;1;Autovettura privata;In marcia / fermata / arresto;Conducente;F;Illeso;0;;Non accertato;Inesploso
3847424;13;29/05/2018 09:20;;VIA DELLE BALENIERE;in prossimità;;del civico n.;166;;Veicolo in marcia contro veicolo arresto;;;;;;;;;;0;0;0;3;12.28005;41.73891;0;1;Autovettura privata;In marcia / fermata / arresto;Passeggero;M;Illeso;0;;Non accertato;Inesploso
3847424;13;29/05/2018 09:20;;VIA DELLE BALENIERE;in prossimità;;del civico n.;166;;Veicolo in marcia contro veicolo arresto;;;;;;;;;;0;0;0;3;12.28005;41.73891;0;2;Autovettura privata;In marcia / fermata / arresto;Conducente;M;Illeso;0;;Non accertato;Inesploso
3847459;13;29/05/2018 07:45;Strada Urbana;VIA DEL MARE;all'intersezione con;VIA DELLA GENTE SALINATORIA;VIA DELLA GENTE SALINATORIA;;;Veicolo in marcia contro veicolo arresto;Intersezione semaforizzata;Una carreggiata a senso unico di marcia;Asciutto;Asfaltata;Verticale ed orizzontale;Nuvoloso;Normale;Buona;Ore Diurne;0;0;0;5;12.46323;41.84026;-1;1;Autocarro superiore 35 q.;In marcia / fermata / arresto;Conducente;M;Illeso;0;;Non accertato;Inesploso
3847459;13;29/05/2018 07:45;Strada Urbana;VIA DEL MARE;all'intersezione con;VIA DELLA GENTE SALINATORIA;VIA DELLA GENTE SALINATORIA;;;Veicolo in marcia contro veicolo arresto;Intersezione semaforizzata;Una carreggiata a senso unico di marcia;Asciutto;Asfaltata;Verticale ed orizzontale;Nuvoloso;Normale;Buona;Ore Diurne;0;0;0;5;12.46323;41.84026;-1;2;Autovettura privata;In marcia / fermata / arresto;Conducente;F;Illeso;0;;Non accertato;Inesploso
3847459;13;29/05/2018 07:45;Strada Urbana;VIA DEL MARE;all'intersezione con;VIA DELLA GENTE SALINATORIA;VIA DELLA GENTE SALINATORIA;;;Veicolo in marcia contro veicolo arresto;Intersezione semaforizzata;Una carreggiata a senso unico di marcia;Asciutto;Asfaltata;Verticale ed orizzontale;Nuvoloso;Normale;Buona;Ore Diurne;0;0;0;5;12.46323;41.84026;-1;2;Autovettura privata;In marcia / fermata / arresto;Passeggero;F;Illeso;0;;Non accertato;Inesploso
3847459;13;29/05/2018 07:45;Strada Urbana;VIA DEL MARE;all'intersezione con;VIA DELLA GENTE SALINATORIA;VIA DELLA GENTE SALINATORIA;;;Veicolo in marcia contro veicolo arresto;Intersezione semaforizzata;Una carreggiata a senso unico di marcia;Asciutto;Asfaltata;Verticale ed orizzontale;Nuvoloso;Normale;Buona;Ore Diurne;0;0;0;5;12.46323;41.84026;-1;2;Autovettura privata;In marcia / fermata / arresto;Passeggero;M;Illeso;0;;Non accertato;Inesploso
3847459;13;29/05/2018 07:45;Strada Urbana;VIA DEL MARE;all'intersezione con;VIA DELLA GENTE SALINATORIA;VIA DELLA GENTE SALINATORIA;;;Veicolo in marcia contro veicolo arresto;Intersezione semaforizzata;Una carreggiata a senso unico di marcia;Asciutto;Asfaltata;Verticale ed orizzontale;Nuvoloso;Normale;Buona;Ore Diurne;0;0;0;5;12.46323;41.84026;-1;2;Autovettura privata;In marcia / fermata / arresto;Passeggero;F;Illeso;0;;Non accertato;Inesploso
3847462;19;29/05/2018 12:50;Strada Urbana;VIA VIVI GIOI;da specificare;;;;alt. palo luce 10;Veicolo in marcia contro veicoli in sosta;Rettilineo;Una carreggiata a doppio senso;Asciutto;Asfaltata;Orizzontale;Nuvoloso;Normale;Buona;Ore Diurne;1;0;0;0;12.40056;41.96192;-1;1;Autovettura privata;In marcia / fermata / arresto;Conducente;F;Rimandato;0;NON DECEDUTO;;
3847473;10;29/05/2018 17:30;Strada Urbana;VIALE BRUNO PELIZZI;da specificare;;;;prossimità palo ACEA 35;Scontro frontale/laterale SX fra veicoli in marcia;Rettilineo;Due carreggiate;Asciutto;Asfaltata;Assente;Nuvoloso;Normale;Buona;Ore Diurne;0;0;0;3;12.58254;41.85759;-1;1;Autovettura privata;In marcia / fermata / arresto;Conducente;M;Illeso;0;;Non accertato;Inesploso
3847473;10;29/05/2018 17:30;Strada Urbana;VIALE BRUNO PELIZZI;da specificare;;;;prossimità palo ACEA 35;Scontro frontale/laterale SX fra veicoli in marcia;Rettilineo;Due carreggiate;Asciutto;Asfaltata;Assente;Nuvoloso;Normale;Buona;Ore Diurne;0;0;0;3;12.58254;41.85759;-1;2;Autovettura privata;In marcia / fermata / arresto;Conducente;M;Illeso;0;;Non accertato;Inesploso
3847473;10;29/05/2018 17:30;Strada Urbana;VIALE BRUNO PELIZZI;da specificare;;;;prossimità palo ACEA 35;Scontro frontale/laterale SX fra veicoli in marcia;Rettilineo;Due carreggiate;Asciutto;Asfaltata;Assente;Nuvoloso;Normale;Buona;Ore Diurne;0;0;0;3;12.58254;41.85759;-1;2;Autovettura privata;In marcia / fermata / arresto;Passeggero;M;Illeso;0;;Non accertato;Inesploso
3847495;19;29/05/2018 12:50;Strada Urbana;VIA GIUSEPPE BARELLAI;da specificare;;;;alt. scuola Pasteur;Tamponamento;Rettilineo;Una carreggiata a doppio senso;Asciutto;Asfaltata;Verticale ed orizzontale;Sereno;Normale;Buona;Ore Diurne;0;0;0;2;12.41122;41.94238;-1;1;Autocarro inferiore 35 q.;In marcia / fermata / arresto;Conducente;M;Illeso;0;;Non accertato;Inesploso
3847495;19;29/05/2018 12:50;Strada Urbana;VIA GIUSEPPE BARELLAI;da specificare;;;;alt. scuola Pasteur;Tamponamento;Rettilineo;Una carreggiata a doppio senso;Asciutto;Asfaltata;Verticale ed orizzontale;Sereno;Normale;Buona;Ore Diurne;0;0;0;2;12.41122;41.94238;-1;2;Autovettura privata;In marcia / fermata / arresto;Conducente;M;Illeso;0;;Non accertato;Inesploso
3847508;17;29/05/2018 17:20;Strada Urbana;CIRCONVALLAZIONE CLODIA;in corrispondenza;;del civico n.;36/b;;Scontro laterale fra veicoli in marcia;Rettilineo;Due carreggiate;Asciutto;Asfaltata;Verticale ed orizzontale;Nuvoloso;Normale;Buona;Ore Diurne;1;0;0;1;12.45284;41.91509;-1;1;Autovettura privata;In marcia / fermata / arresto;Conducente;F;Illeso;0;;Non accertato;Inesploso
3847508;17;29/05/2018 17:20;Strada Urbana;CIRCONVALLAZIONE CLODIA;in corrispondenza;;del civico n.;36/b;;Scontro laterale fra veicoli in marcia;Rettilineo;Due carreggiate;Asciutto;Asfaltata;Verticale ed orizzontale;Nuvoloso;Normale;Buona;Ore Diurne;1;0;0;1;12.45284;41.91509;-1;2;Motociclo a solo;In marcia / fermata / arresto;Conducente;M;Rimandato;0;NON DECEDUTO;Non accertato;
3847541;12;29/05/2018 14:25;Strada Urbana;VIALE DEI CADUTI PER LA RESISTENZA;in corrispondenza;;del civico n.;606;;Tamponamento;Rettilineo;Una carreggiata a senso unico di marcia;Asciutto;Asfaltata;Verticale ed orizzontale;Nuvoloso;Normale;Buona;Ore Diurne;2;0;0;2;12.441;41.78372;-1;1;Autovettura privata;In marcia / fermata / arresto;Conducente;F;Illeso;0;;Utilizzato;Inesploso
3847541;12;29/05/2018 14:25;Strada Urbana;VIALE DEI CADUTI PER LA RESISTENZA;in corrispondenza;;del civico n.;606;;Tamponamento;Rettilineo;Una carreggiata a senso unico di marcia;Asciutto;Asfaltata;Verticale ed orizzontale;Nuvoloso;Normale;Buona;Ore Diurne;2;0;0;2;12.441;41.78372;-1;1;Autovettura privata;In marcia / fermata / arresto;Passeggero;F;Illeso;0;;Utilizzato;Inesploso
3847541;12;29/05/2018 14:25;Strada Urbana;VIALE DEI CADUTI PER LA RESISTENZA;in corrispondenza;;del civico n.;606;;Tamponamento;Rettilineo;Una carreggiata a senso unico di marcia;Asciutto;Asfaltata;Verticale ed orizzontale;Nuvoloso;Normale;Buona;Ore Diurne;2;0;0;2;12.441;41.78372;-1;2;Autovettura privata;In marcia / fermata / arresto;Conducente;F;Rimandato;0;NON DECEDUTO;;Inesploso
3847541;12;29/05/2018 14:25;Strada Urbana;VIALE DEI CADUTI PER LA RESISTENZA;in corrispondenza;;del civico n.;606;;Tamponamento;Rettilineo;Una carreggiata a senso unico di marcia;Asciutto;Asfaltata;Verticale ed orizzontale;Nuvoloso;Normale;Buona;Ore Diurne;2;0;0;2;12.441;41.78372;-1;2;Autovettura privata;In marcia / fermata / arresto;Passeggero;M;Rimandato;0;NON DECEDUTO;;
3847542;9;29/05/2018 18:00;Strada Urbana;VIA CENTURIPE;da specificare;;;;in corrispondenza VIA LIDIA;Veicolo in marcia contro veicoli in sosta;Rettilineo;Una carreggiata a senso unico di marcia;Asciutto;Asfaltata;Orizzontale;Nuvoloso;Scarso;Buona;Ore Diurne;0;0;0;1;12.51071;41.87156;-1;1;Autovettura privata;In marcia / fermata / arresto;Conducente;M;Illeso;0;;Non accertato;Inesploso
3847742;11;29/05/2018 20:30;Strada Urbana;VIA APPIA PIGNATELLI;in corrispondenza;;del civico n.;111;;Scontro frontale/laterale DX fra veicoli in marcia;Rettilineo;Una carreggiata a doppio senso;Asciutto;Asfaltata;Orizzontale;Nuvoloso;Normale;Buona;Sufficiente;1;0;1;3;;;0;1;Autovettura privata;In marcia / fermata / arresto;Conducente;M;Illeso;0;;;
3847742;11;29/05/2018 20:30;Strada Urbana;VIA APPIA PIGNATELLI;in corrispondenza;;del civico n.;111;;Scontro frontale/laterale DX fra veicoli in marcia;Rettilineo;Una carreggiata a doppio senso;Asciutto;Asfaltata;Orizzontale;Nuvoloso;Normale;Buona;Sufficiente;1;0;1;3;;;0;1;Autovettura privata;In marcia / fermata / arresto;Passeggero;M;Rimandato;0;NON DECEDUTO;;
3847742;11;29/05/2018 20:30;Strada Urbana;VIA APPIA PIGNATELLI;in corrispondenza;;del civico n.;111;;Scontro frontale/laterale DX fra veicoli in marcia;Rettilineo;Una carreggiata a doppio senso;Asciutto;Asfaltata;Orizzontale;Nuvoloso;Normale;Buona;Sufficiente;1;0;1;3;;;0;1;Autovettura privata;In marcia / fermata / arresto;Passeggero;F;Illeso;0;;;
3847742;11;29/05/2018 20:30;Strada Urbana;VIA APPIA PIGNATELLI;in corrispondenza;;del civico n.;111;;Scontro frontale/laterale DX fra veicoli in marcia;Rettilineo;Una carreggiata a doppio senso;Asciutto;Asfaltata;Orizzontale;Nuvoloso;Normale;Buona;Sufficiente;1;0;1;3;;;0;1;Autovettura privata;In marcia / fermata / arresto;Passeggero;M;Illeso;0;;;
3847742;11;29/05/2018 20:30;Strada Urbana;VIA APPIA PIGNATELLI;in corrispondenza;;del civico n.;111;;Scontro frontale/laterale DX fra veicoli in marcia;Rettilineo;Una carreggiata a doppio senso;Asciutto;Asfaltata;Orizzontale;Nuvoloso;Normale;Buona;Sufficiente;1;0;1;3;;;0;2;Motociclo con passeggero;In marcia / fermata / arresto;Conducente;M;Deceduto sul posto;-1;;;
3847925;15;29/05/2018 17:10;Strada Urbana;VIA PORTUENSE;all'intersezione semaforizzata con;VIALE ARTURO MARTINI;VIALE ARTURO MARTINI;;;Tamponamento;Incrocio;Due carreggiate;Asciutto;Asfaltata;Verticale ed orizzontale;Nuvoloso;Normale;Buona;Ore Diurne;1;0;0;5;12.41402;41.84696;-1;1;Autovettura privata;In marcia / fermata / arresto;Conducente;M;Illeso;0;;Utilizzato;
3847925;15;29/05/2018 17:10;Strada Urbana;VIA PORTUENSE;all'intersezione semaforizzata con;VIALE ARTURO MARTINI;VIALE ARTURO MARTINI;;;Tamponamento;Incrocio;Due carreggiate;Asciutto;Asfaltata;Verticale ed orizzontale;Nuvoloso;Normale;Buona;Ore Diurne;1;0;0;5;12.41402;41.84696;-1;1;Autovettura privata;In marcia / fermata / arresto;Passeggero;F;Illeso;0;;Utilizzato;
3847925;15;29/05/2018 17:10;Strada Urbana;VIA PORTUENSE;all'intersezione semaforizzata con;VIALE ARTURO MARTINI;VIALE ARTURO MARTINI;;;Tamponamento;Incrocio;Due carreggiate;Asciutto;Asfaltata;Verticale ed orizzontale;Nuvoloso;Normale;Buona;Ore Diurne;1;0;0;5;12.41402;41.84696;-1;1;Autovettura privata;In marcia / fermata / arresto;Passeggero;M;Illeso;0;;Utilizzato;
3847925;15;29/05/2018 17:10;Strada Urbana;VIA PORTUENSE;all'intersezione semaforizzata con;VIALE ARTURO MARTINI;VIALE ARTURO MARTINI;;;Tamponamento;Incrocio;Due carreggiate;Asciutto;Asfaltata;Verticale ed orizzontale;Nuvoloso;Normale;Buona;Ore Diurne;1;0;0;5;12.41402;41.84696;-1;2;Autovettura privata;In marcia / fermata / arresto;Conducente;M;Rimandato;0;NON DECEDUTO;Utilizzato;
3847925;15;29/05/2018 17:10;Strada Urbana;VIA PORTUENSE;all'intersezione semaforizzata con;VIALE ARTURO MARTINI;VIALE ARTURO MARTINI;;;Tamponamento;Incrocio;Due carreggiate;Asciutto;Asfaltata;Verticale ed orizzontale;Nuvoloso;Normale;Buona;Ore Diurne;1;0;0;5;12.41402;41.84696;-1;2;Autovettura privata;In marcia / fermata / arresto;Passeggero;M;Illeso;0;;Utilizzato;